sample_id,species:Abiotrophia defectiva,species:Abiotrophia sp HMSC24B09,species:Acidaminococcus intestini,species:Actinobaculum sp oral taxon 183,species:Actinomyces graevenitzii,species:Actinomyces naeslundii,species:Actinomyces odontolyticus,species:Actinomyces oris,species:Actinomyces sp HMSC035G02,species:Actinomyces sp ICM47,species:Actinomyces sp S6 Spd3,species:Actinomyces sp oral taxon 181,species:Actinomyces sp oral taxon 414,species:Actinomyces urogenitalis,species:Adlercreutzia equolifaciens,species:Aeriscardovia aeriphila,species:Agathobaculum butyriciproducens,species:Aggregatibacter segnis,species:Akkermansia muciniphila,species:Alistipes finegoldii,species:Alistipes indistinctus,species:Alistipes onderdonkii,species:Alistipes putredinis,species:Alistipes shahii,species:Alistipes sp An66,species:Alistipes timonensis,species:Allisonella histaminiformans,species:Alloprevotella tannerae,species:Anaerococcus octavius,species:Anaerofustis stercorihominis,species:Anaeroglobus geminatus,species:Anaeromassilibacillus sp An172,species:Anaeromassilibacillus sp An250,species:Anaerostipes caccae,species:Anaerostipes hadrus,species:Anaerotignum lactatifermentans,species:Anaerotruncus colihominis,species:Asaccharobacter celatus,species:Atopobium deltae,species:Atopobium parvulum,species:Atopobium rimae,species:Bacteroides caccae,species:Bacteroides cellulosilyticus,species:Bacteroides clarus,species:Bacteroides coprocola,species:Bacteroides coprophilus,species:Bacteroides dorei,species:Bacteroides eggerthii,species:Bacteroides faecichinchillae,species:Bacteroides faecis,species:Bacteroides finegoldii,species:Bacteroides fragilis,species:Bacteroides intestinalis,species:Bacteroides massiliensis,species:Bacteroides nordii,species:Bacteroides ovatus,species:Bacteroides plebeius,species:Bacteroides salyersiae,species:Bacteroides sp D2,species:Bacteroides sp OM05 12,species:Bacteroides stercoris,species:Bacteroides thetaiotaomicron,species:Bacteroides uniformis,species:Bacteroides vulgatus,species:Bacteroides xylanisolvens,species:Barnesiella intestinihominis,species:Barnesiella sp An22,species:Bifidobacterium adolescentis,species:Bifidobacterium bifidum,species:Bifidobacterium breve,species:Bifidobacterium dentium,species:Bifidobacterium longum,species:Bifidobacterium pseudocatenulatum,species:Bilophila wadsworthia,species:Blautia coccoides,species:Blautia hansenii,species:Blautia obeum,species:Blautia producta,species:Blautia sp CAG 257,species:Blautia wexlerae,species:Bulleidia extructa,species:Butyricicoccus pullicaecorum,species:Butyricimonas synergistica,species:Butyricimonas virosa,species:Campylobacter coli,species:Campylobacter concisus,species:Candidatus Stoquefichus sp KLE1796,species:Catabacter hongkongensis,species:Catenibacterium mitsuokai,species:Cetobacterium somerae,species:Citrobacter amalonaticus,species:Citrobacter farmeri,species:Citrobacter freundii,species:Citrobacter koseri,species:Citrobacter pasteurii,species:Citrobacter portucalensis,species:Citrobacter werkmanii,species:Citrobacter youngae,species:Cloacibacillus evryensis,species:Cloacibacillus porcorum,species:Clostridiales bacterium 1 7 47FAA,species:Clostridiales bacterium CHKCI006,species:Clostridioides difficile,species:Clostridium aldenense,species:Clostridium asparagiforme,species:Clostridium bolteae,species:Clostridium bolteae CAG 59,species:Clostridium butyricum,species:Clostridium citroniae,species:Clostridium clostridioforme,species:Clostridium disporicum,species:Clostridium innocuum,species:Clostridium lavalense,species:Clostridium leptum,species:Clostridium neonatale,species:Clostridium paraputrificum,species:Clostridium perfringens,species:Clostridium scindens,species:Clostridium sp 7 2 43FAA,species:Clostridium sp CAG 242,species:Clostridium sp CAG 299,species:Clostridium sp chh4 2,species:Clostridium spiroforme,species:Clostridium sporogenes,species:Clostridium symbiosum,species:Clostridium tepidum,species:Clostridium ventriculi,species:Collinsella aerofaciens,species:Collinsella intestinalis,species:Collinsella massiliensis,species:Collinsella stercoris,species:Coprobacillus cateniformis,species:Coprobacter fastidiosus,species:Coprobacter secundus,species:Coprococcus catus,species:Coprococcus comes,species:Corynebacterium argentoratense,species:Denitrobacterium detoxificans,species:Desulfovibrio piger,species:Desulfovibrio sp An276,species:Desulfovibrio sp MES5,species:Dialister invisus,species:Dialister pneumosintes,species:Dialister sp CAG 357,species:Dialister succinatiphilus,species:Dielma fastidiosa,species:Dorea formicigenerans,species:Dorea longicatena,species:Dorea sp CAG 317,species:Eggerthella lenta,species:Eggerthia catenaformis,species:Eikenella corrodens,species:Eisenbergiella massiliensis,species:Eisenbergiella tayi,species:Enorma massiliensis,species:Enterobacter cloacae complex,species:Enterobacter mori,species:Enterococcus asini,species:Enterococcus avium,species:Enterococcus casseliflavus,species:Enterococcus faecalis,species:Enterococcus faecium,species:Enterococcus gallinarum,species:Enterococcus raffinosus,species:Enterorhabdus caecimuris,species:Erysipelatoclostridium ramosum,species:Erysipelothrix larvae,species:Escherichia coli,species:Escherichia fergusonii,species:Escherichia marmotae,species:Eubacterium callanderi,species:Eubacterium eligens,species:Eubacterium hallii,species:Eubacterium infirmum,species:Eubacterium limosum,species:Eubacterium ramulus,species:Eubacterium rectale,species:Eubacterium siraeum,species:Eubacterium sp CAG 180,species:Eubacterium sp CAG 251,species:Eubacterium sp CAG 274,species:Eubacterium sp CAG 38,species:Eubacterium sulci,species:Eubacterium ventriosum,species:Faecalibacterium prausnitzii,species:Faecalicoccus pleomorphus,species:Faecalitalea cylindroides,species:Finegoldia magna,species:Firmicutes bacterium CAG 83,species:Firmicutes bacterium CAG 94,species:Flavonifractor plautii,species:Fretibacterium fastidiosum,species:Fusicatenibacter saccharivorans,species:Fusobacterium equinum,species:Fusobacterium gonidiaformans,species:Fusobacterium mortiferum,species:Fusobacterium nucleatum,species:Fusobacterium periodonticum,species:Fusobacterium sp oral taxon 370,species:Fusobacterium ulcerans,species:Fusobacterium varium,species:Gardnerella vaginalis,species:Gemella bergeri,species:Gemella haemolysans,species:Gemella morbillorum,species:Gemella sanguinis,species:Gemmiger formicilis,species:Gemmiger sp An87,species:Gordonibacter pamelaeae,species:Granulicatella adiacens,species:Granulicatella elegans,species:Haemophilus haemolyticus,species:Haemophilus parainfluenzae,species:Haemophilus paraphrohaemolyticus,species:Haemophilus sp HMSC71H05,species:Haemophilus sputorum,species:Hafnia alvei,species:Harryflintia acetispora,species:Holdemanella biformis,species:Holdemania filiformis,species:Hungatella hathewayi,species:Intestinibacter bartlettii,species:Intestinimonas butyriciproducens,species:Klebsiella aerogenes,species:Klebsiella michiganensis,species:Klebsiella oxytoca,species:Klebsiella pneumoniae,species:Klebsiella quasipneumoniae,species:Klebsiella variicola,species:Klebsiella variicola CAG 634,species:Kluyvera ascorbata,species:Kluyvera georgiana,species:Lachnoanaerobaculum saburreum,species:Lachnoclostridium sp An118,species:Lachnoclostridium sp An138,species:Lachnoclostridium sp An181,species:Lachnoclostridium sp An76,species:Lachnospira pectinoschiza,species:Lachnospiraceae bacterium 2 1 46FAA,species:Lachnospiraceae bacterium oral taxon 096,species:Lactobacillus acidophilus,species:Lactobacillus amylovorus,species:Lactobacillus animalis,species:Lactobacillus crispatus,species:Lactobacillus delbrueckii,species:Lactobacillus fermentum,species:Lactobacillus gasseri,species:Lactobacillus mindensis,species:Lactobacillus mucosae,species:Lactobacillus oris,species:Lactobacillus paragasseri,species:Lactobacillus pentosus,species:Lactobacillus rhamnosus,species:Lactobacillus salivarius,species:Lactobacillus sanfranciscensis,species:Lactobacillus ultunensis,species:Lactobacillus vaginalis,species:Lactococcus raffinolactis,species:Lactonifactor longoviformis,species:Lautropia mirabilis,species:Leptotrichia sp oral taxon 212,species:Megamonas funiformis,species:Megamonas funiformis CAG 377,species:Megamonas hypermegale,species:Megamonas rupellensis,species:Megasphaera cerevisiae,species:Megasphaera elsdenii,species:Megasphaera micronuciformis,species:Megasphaera stantonii,species:Methanobrevibacter smithii,species:Mitsuokella jalaludinii,species:Mitsuokella multacida,species:Mitsuokella sp oral taxon 131,species:Mogibacterium diversum,species:Morganella morganii,species:Morococcus cerebrosus,species:Neisseria flavescens,species:Neisseria perflava,species:Odoribacter splanchnicus,species:Olsenella profusa,species:Olsenella scatoligenes,species:Olsenella uli,species:Oribacterium asaccharolyticum,species:Oribacterium parvum,species:Oribacterium sinus,species:Oscillibacter sp 57 20,species:Oscillibacter sp CAG 241,species:Oxalobacter formigenes,species:Paeniclostridium sordellii,species:Parabacteroides chinchillae,species:Parabacteroides distasonis,species:Parabacteroides goldsteinii,species:Parabacteroides gordonii,species:Parabacteroides johnsonii,species:Parabacteroides merdae,species:Paraprevotella clara,species:Paraprevotella xylaniphila,species:Parasutterella excrementihominis,species:Parvimonas micra,species:Parvimonas sp KA00067,species:Pediococcus acidilactici,species:Peptoniphilus harei,species:Peptoniphilus lacrimalis,species:Peptostreptococcus anaerobius,species:Peptostreptococcus stomatis,species:Phascolarctobacterium faecium,species:Phascolarctobacterium succinatutens,species:Plesiomonas shigelloides,species:Porphyromonas canoris,species:Porphyromonas endodontalis,species:Prevotella bivia,species:Prevotella buccae,species:Prevotella colorans,species:Prevotella copri,species:Prevotella dentalis,species:Prevotella denticola,species:Prevotella fusca,species:Prevotella histicola,species:Prevotella multisaccharivorax,species:Prevotella oris,species:Prevotella sp AM42 24,species:Prevotella sp CAG 1185,species:Prevotella sp CAG 279,species:Prevotella sp CAG 520,species:Prevotella sp oral taxon 306,species:Prevotella stercorea,species:Prevotella timonensis,species:Prevotella veroralis,species:Propionibacterium acidifaciens,species:Proteobacteria bacterium CAG 139,species:Proteus hauseri,species:Proteus mirabilis,species:Proteus penneri,species:Proteus vulgaris,species:Pseudoflavonifractor sp An184,species:Pseudomonas aeruginosa group,species:Pseudopropionibacterium propionicum,species:Pseudoramibacter alactolyticus,species:Pyramidobacter piscolens,species:Pyramidobacter sp C12 8,species:Romboutsia ilealis,species:Roseburia faecis,species:Roseburia hominis,species:Roseburia intestinalis,species:Roseburia inulinivorans,species:Roseburia sp CAG 471,species:Rothia mucilaginosa,species:Ruminococcaceae bacterium D5,species:Ruminococcus bicirculans,species:Ruminococcus bromii,species:Ruminococcus gnavus,species:Ruminococcus lactaris,species:Ruminococcus torques,species:Ruthenibacterium lactatiformans,species:Sanguibacteroides justesenii,species:Scardovia wiggsiae,species:Selenomonas noxia,species:Selenomonas sp oral taxon 126,species:Selenomonas sputigena,species:Sellimonas intestinalis,species:Slackia isoflavoniconvertens,species:Solobacterium moorei,species:Sporanaerobacter acetigenes,species:Stomatobaculum longum,species:Streptococcus agalactiae,species:Streptococcus anginosus group,species:Streptococcus australis,species:Streptococcus cristatus,species:Streptococcus gallolyticus,species:Streptococcus gordonii,species:Streptococcus infantarius,species:Streptococcus infantis,species:Streptococcus lutetiensis,species:Streptococcus milleri,species:Streptococcus mitis,species:Streptococcus mutans,species:Streptococcus oralis,species:Streptococcus parasanguinis,species:Streptococcus pasteurianus,species:Streptococcus salivarius,species:Streptococcus sanguinis,species:Streptococcus sinensis,species:Streptococcus sobrinus,species:Streptococcus sp A12,species:Streptococcus sp F0442,species:Streptococcus sp HMSC067H01,species:Streptococcus sp HMSC071D03,species:Streptococcus sp M334,species:Streptococcus vestibularis,species:Succinatimonas hippei,species:Sutterella parvirubra,species:Terrisporobacter othiniensis,species:Tissierella praeacuta,species:Turicibacter sanguinis,species:Turicimonas muris,species:Tyzzerella nexilis,species:Veillonella atypica,species:Veillonella dispar,species:Veillonella infantium,species:Veillonella parvula,species:Veillonella rodentium,species:Veillonella rogosae,species:Veillonella seminalis,species:Veillonella sp T11011 6,species:Veillonella tobetsuensis,species:Weissella cibaria
ERR1620268,0.0,0.0,0.0,0.0,0.0,0.0,0.0,0.0,0.0,0.0,0.0,0.0,0.0,0.0,0.0,0.0,0.00267,0.0,0.0,0.06148,0.01464,0.0,0.0,0.28054,0.0,0.00104,0.0,0.0,0.0,0.0,0.0,0.0,0.0,0.0,0.08025,0.0,0.02531,0.0,0.0,0.0,0.0,1.7686,0.00392,0.0,0.29003,0.32569,0.0,0.88622,0.0,0.0,0.00051,0.0,0.0,0.0,0.0,0.30019,16.22907,0.88212,0.0,0.0,8.46241,0.64126,2.3974,2.50926,0.0,0.0,0.0,0.0,0.0,0.0,0.0,0.0,0.11233,0.0,0.0,0.00115,0.00432,0.00408,0.0,0.01594,0.0,0.0,0.0136,0.37697,0.0,0.0,0.0,0.00028,0.0,0.0,0.0,0.0,0.0,0.0,0.0,0.0,0.02091,0.0,0.0,0.0,0.0,0.0,0.0,0.00031,0.0,0.12267,0.01982,0.0,0.09479,0.0,0.0,0.0023,0.013,0.03826,0.0,0.0,0.0,0.0,0.0,0.0,0.0,0.0,0.0,0.0,0.05538,0.0,0.0,0.0,0.0,0.00186,0.0,0.0,0.0,0.02598,0.0,0.60241,0.0,0.0,0.055,0.0,0.0,0.06684,0.0,0.0,0.0,0.0,0.01906,0.06083,0.0,0.00316,0.0,0.0,0.19955,0.00719,0.03693,0.00059,0.07417,0.0,0.0,0.0,0.063,0.0,0.0,0.0,0.0,0.0,0.0,27.54069,0.0,0.0,0.0,1.00685,0.0,0.0,0.0,0.0,2.44007,0.71117,0.00399,0.0,0.0,0.01998,0.0,0.0,7.27498,0.04755,0.0,0.0,0.53919,0.0,0.34448,0.0,0.1891,0.0,0.0,0.0,0.0,0.0,0.0,0.0,0.0,0.0,0.0,0.0,0.0,0.0,0.0002,0.0,0.00023,0.0,0.0,0.0,0.0,0.0,0.0,0.0,0.0,0.0,0.0,0.0,0.02523,0.06595,0.0,0.0,0.0,0.0,12.88901,1.51348,1.59423,0.0,0.0,0.00365,0.0,0.0,0.0,0.0,0.0,0.0,0.0,0.0,0.0,0.0,0.0,0.0,0.0,0.0,0.0,0.0,0.0,0.0,0.0,0.0,0.0,0.0,0.0,0.0,0.0,0.0,0.0,0.0,0.0,0.0,0.0,0.0,0.0,0.0,0.0,0.0,0.00032,0.0,0.0,0.0,0.0,0.0,0.0,0.0,0.0,0.0,0.2764,0.0,0.00624,0.0,0.0,0.0,0.0,0.36419,0.0,0.00623,0.0,0.0,0.71758,0.0,0.0,0.0,0.33388,0.0,0.0,0.0,0.0,0.0,0.0,0.0,0.0,0.0,0.0,0.82242,0.0,0.0,0.0,0.0,0.0,0.0,0.0,0.00431,0.0,0.0,0.0,0.0,0.0,0.0,0.0,0.20096,0.0,0.0,0.0,0.0,0.0,0.0,0.0,0.0,0.0,0.0,0.0,0.0,0.0,0.0,0.0,0.0,0.0,0.0,0.0,1.90191,0.0,0.0,1.72207,0.0,0.0,0.0,0.0,0.0,0.07091,0.0,0.0,0.05815,0.0,0.0,0.0,0.0,0.0,0.0,0.0,0.0,0.0,0.0,0.0,0.0,0.0,0.0,0.0,0.0,0.0,0.0,0.0,0.0,0.0,0.0,0.0,0.0,0.0,0.00544,0.0,0.0,0.0,0.0,0.0,0.0,0.0,0.0,0.0,0.01976,0.0,0.0,0.0,0.0,0.0,0.0,0.0,0.0,0.0,0.00391,0.0,0.0,0.0,0.0,0.0,0.0
ERR1620270,0.0,0.0,8.31436,0.0,0.0,0.0,0.0,0.0,0.0,0.0,0.0,0.0,0.0,0.0,0.0,0.0,0.0,0.0,0.44999,0.0,0.40656,0.0,0.0,0.13162,0.0,0.0,0.03866,0.0,0.0,0.0,0.0,0.0,0.0,0.0,0.0,0.0,0.0,0.0,0.0,0.0,0.0,0.0,0.01809,0.0,0.0,0.0,0.86835,0.0,0.0,0.0,0.0494,1.20936,0.0,0.0,0.0,0.1196,0.00418,0.05356,0.0,0.0,0.83768,1.96178,0.06566,2.01907,0.01922,0.0,0.0,0.50662,0.0,0.0995,0.0,0.0,1.55847,0.15704,0.0,0.0,0.04203,0.0,0.0,0.05051,0.0,0.0,0.0,0.0213,0.0,0.0,0.0,0.0,0.0,0.0,0.0,0.0,0.0,0.0,0.0,0.0,0.0,0.0,0.00837,0.05133,0.0,0.0,0.0,0.0,0.0,0.0,0.0,0.0,0.0,1.2433,0.0,0.0,0.0,0.0,0.0,0.0,0.00902,0.0,0.0,0.0,0.0,0.0,0.0,0.0,0.00878,0.0,0.0,0.47819,0.00073,0.00391,0.01115,0.0,0.0,0.0,0.0,0.0,0.0,0.0,0.0,0.31261,0.0,1.16815,0.0,0.30178,0.0,0.0,0.0,0.21129,0.0,0.0,0.0,0.0,0.0,0.0,0.0,0.0,0.0,0.0,0.0,0.0,0.00485,0.0,0.0,0.0,0.0,0.0,0.0,1.48249,0.0,0.0,0.0,0.0,0.0,0.0,0.0,0.0,0.01727,0.0,0.00809,0.00202,0.0,0.0,0.0,0.0,0.0,0.0,0.0,0.0,0.0,0.0,0.34957,0.0,0.01094,0.0,0.0,0.01636,0.0,0.0,0.0,0.0,0.01508,0.0,0.0,0.0,0.0,0.0,0.0,0.0,0.0,0.0,0.0,0.0,0.0,0.0,0.0,0.0,0.0,0.0,0.14464,0.0,0.0,0.0,0.0,0.0,0.0,0.0,0.0,0.0,0.0,0.0,0.0,0.0,0.0,0.0,0.0,0.0,0.0,0.0,0.0,0.0,0.0,3.16296,0.0,0.0,0.0,0.0,0.0,0.0,0.2857,0.0,0.0,0.0,0.0,0.0,0.0,0.0,0.0,0.0,0.0,0.0,0.0,0.0,0.0,0.43819,0.0,0.0,0.66948,0.0,0.0,0.0,0.00091,10.36564,0.0,0.0,0.0,0.0,0.0,0.0,0.22287,0.00064,2.17698,0.0,0.0,0.0,0.0,0.0,0.0,0.0,0.0,0.0,0.75471,0.08797,0.0,0.0,0.0,0.0,0.0,0.00166,0.0,0.0,0.0,0.0,0.0,0.0,0.0,0.07472,0.0,0.0,0.0,0.0,0.0,0.0,0.0,44.20013,0.0,0.0,0.0,0.0,0.0,0.0,0.0,0.0,0.0,9.13314,0.0,0.66513,0.0,0.0,0.0,0.0,0.0,0.0,0.0,0.0,0.0,0.0,0.0,0.0,1.0586,0.0151,0.0,1.5999,0.0,0.10222,0.0,0.0,0.0,0.0,0.0,0.0,0.0,0.0,0.0,0.0,0.0,0.0,0.0,0.0,0.0,0.0,0.00578,0.0,0.0,0.0,0.0,0.0,0.0,0.0,0.0,0.0,0.0,0.0,0.0,0.0,0.00656,0.0,0.0,0.00286,0.0,0.01203,0.0,0.0,0.0,0.0,0.0,0.0,0.0,0.0,0.0,0.0,0.02817,0.0,0.0,0.0,0.0,0.0,0.0,0.0,0.0,0.0654,0.0,0.0,0.0,0.0,0.0,0.0
ERR1620271,0.0,0.0,0.0,0.00187,0.0,0.0,0.0,0.0,0.0,0.0,0.0,0.0,0.0,0.01394,0.0,0.00152,0.0,0.0,0.0,0.0,0.00588,0.0,0.0,0.0,0.0,0.0,0.0,0.0,0.0,0.0,0.54249,0.0,0.00515,0.0,0.0,0.0,0.0,0.0,0.0,0.0,0.0,0.02721,0.02043,0.0,0.0,0.0,0.0,0.0,0.0,0.0,0.0,0.29526,0.0,0.0,0.00042,0.0,0.0,0.0,0.0,0.0,0.0,28.39294,1.94885,2.63052,1.04985,0.0,0.0,0.0,0.0,0.0,1.35984,5.45131,0.0,0.14679,0.01491,0.0,0.0,0.11964,0.00725,0.02125,0.0,0.0,0.0,0.0871,0.0,0.0,0.0,0.0,0.0,0.0,0.0,0.0,0.0,0.0,0.0,0.0,0.0,0.0,0.0,0.0,0.0,0.0,0.04822,0.00777,0.0,0.39807,0.49625,0.0,0.04653,1.11178,0.0,0.30033,0.0106,0.0218,0.00014,0.00242,0.01123,0.0,0.0,0.0,0.0,0.0,0.01855,0.0,0.80317,0.0,0.0,0.0,0.0,0.0,0.0,0.00821,0.0,0.0,0.0,0.0,0.0,0.0,0.0,0.0,0.0,0.32633,0.0,0.0,0.0,0.0,0.0,0.0,0.0,0.10607,0.0,0.25675,0.26044,0.0,0.0,0.61453,0.0,0.04316,0.0401,0.0,0.0,0.0,0.0,0.02808,0.0,1.13916,0.0,5.16144,0.0,0.0,0.0,0.0,0.0,0.0,0.0,0.0,0.0,0.0,0.00413,0.0,0.0,3.97058,0.0,0.0,0.00211,0.0,0.0,0.0,0.0,0.0,0.29299,0.0,0.0,0.0,0.0,0.0,0.0,0.0,0.0,1.81192,0.0251,0.0,0.00128,0.0,0.15555,0.0,0.0,0.0,0.0212,0.0,0.0,0.0,0.50974,0.0,0.0,0.0,0.0,0.0,0.0,0.01441,0.2302,0.01311,0.0,0.0,0.0,0.0,0.79729,0.08706,0.18337,0.0,0.0,0.0,0.0,0.0,0.0,0.0,0.0,0.0,0.0,0.0,0.0,2.48568,0.0,0.54005,0.00199,0.34589,0.0,0.0,0.30292,0.00064,0.0,0.00348,0.10951,0.00838,0.0,0.0,0.0,0.0,0.0,0.0,0.0,0.0,0.0,0.0,0.0,0.0,0.0,0.18176,0.0,0.0,0.0,0.0,0.0091,0.0,0.15005,0.0,0.0,0.0,0.30314,0.0,0.01851,0.0,0.0,0.0,0.0,0.0,0.0,0.0,0.0,0.0,0.0,0.0,0.0,0.0,0.0,0.0,0.0,0.0,0.0,0.0,0.07554,0.00047,0.00119,0.0,0.13109,0.25106,0.0,0.0,0.0,0.0,0.00865,0.03298,0.0,0.00668,0.0,0.0,0.0,0.0,0.17534,0.0,0.0,0.0,0.0,0.0,0.0,0.0,0.0,0.0,0.0,0.0,0.016,1.00316,0.0,0.0,0.0,0.0,0.0,0.00199,0.0,0.0,0.0,0.09653,0.0,0.0,0.0,0.0,0.0,0.0,0.01486,0.05398,2.47693,0.0,0.0,0.21915,0.0,0.00416,0.0,0.0,0.0,0.31606,0.0,0.0,0.0,0.0,0.0,0.04064,0.0,0.0,0.0,0.0,0.0,0.0,0.0,0.03457,0.0,0.03231,0.0,0.11533,0.0,1.77989,0.00621,0.0,0.0,0.0,0.0,0.0,0.0,0.0,0.0,0.0,0.0,0.0,0.0,0.01943,0.0,0.0,0.28859,0.08533,0.01234,26.63405,0.0,0.0,0.0,0.07881,0.0,0.0
ERR1620272,0.0,0.0,0.0,0.0,0.0,0.0,0.0,0.0,0.0,0.0,0.0,0.0,0.0,0.0,0.0,0.0,0.0,0.0,0.0,0.0,0.0,0.0,0.0,0.0,0.0,0.0,0.0,0.0,0.0,0.0,0.0,0.0,0.0,0.0,0.0,0.0,0.0,0.0,0.0,0.0,0.0,0.00016,0.0,0.0,0.0,0.0,0.0,0.0,0.0,0.0,0.0,0.00312,0.0,0.0,0.0,19.04472,0.0,0.0,0.0,0.0,0.0,20.49521,0.00012,28.17811,0.0,0.0,0.0,0.0,0.0,0.0,0.0,0.0,0.0,0.00492,0.0,0.0,0.0,0.0,0.0,0.0,0.0,0.0,0.0,0.0,0.0,0.0,0.0,0.0,0.0,0.0,0.0,0.0,0.0,0.0,0.0,0.0,0.0,0.0,0.0,0.0,0.0,0.0,0.0,0.0,0.0,0.03451,0.08752,0.0,0.0,0.0,0.0,0.0026,0.0,0.0,0.05994,0.0,0.1002,0.0,0.0,0.0,0.0,0.0,0.0,0.0,0.01466,0.0,0.0,0.0,0.0,0.0,0.0,0.0,0.0,0.0,0.0,0.0,0.00336,0.0,0.0,0.0,0.0,0.01501,4.88706,0.0,0.0,0.0,0.0,0.0,0.0,0.0,0.0,0.0,0.0,0.0,0.0,0.0,0.0,0.0,0.0,0.0,0.0,0.03139,0.0,0.0,0.0,0.26074,0.0,0.85118,0.0,0.0,0.0,0.0,0.0,0.0,0.0,0.0,0.0,0.0,0.0,0.0,0.0,0.0,0.0,0.0,2.8053,0.0,0.0,0.0,0.0,0.0,0.0,0.0,0.0,0.0,0.0,0.0,1.50853,0.20176,0.0,0.0,5.5891,0.0,0.0,0.0,0.0,0.0,0.0,0.0,0.0,0.0,0.0,0.0,0.06756,0.0,0.03352,0.0,0.0,0.0,0.0,0.0,0.56899,0.00313,0.0,0.0,0.0,0.00188,0.21996,0.03341,0.07269,0.0,0.0,0.0,0.0,0.0,0.0,0.0,0.0,0.0,0.0,0.0,0.0,0.0,0.0,0.0,0.0,0.0,0.0,0.0,0.0,0.0,0.0,0.0,0.0,0.0,0.0,0.0,0.0,0.0,0.0,0.0,0.0,0.05456,0.0,0.36087,1.16118,0.0,0.0,4.19813,0.0,0.0,0.0,0.0,0.0,0.0,0.0,0.0,0.0,0.0,0.0,0.0,0.0,0.0,0.0,0.0,0.0,0.0,0.0,0.0,0.0,0.0,0.0,0.0,0.0,0.0,0.0,0.0,0.0,0.0,0.0,0.0,0.0,0.0,0.0,0.0,0.0,0.0,0.0,0.0,0.0,0.0,0.0,0.15805,0.0,0.0,0.0,0.0,0.0,0.0,0.0,0.04469,0.0,0.0,0.0,0.0,0.0,0.0,0.0,0.0,0.0,0.0,0.0,0.04725,0.0,0.0,0.0,0.0,0.0,0.0,0.0,0.0,0.0,0.0,0.0,0.0,0.0,0.0,0.0,0.0,0.0,0.0,0.31713,0.0,0.0,0.0,0.0,0.0,0.0,0.0,0.00188,0.0,0.0,0.0,0.0,0.0,0.0,0.03316,0.0,0.0,0.0,0.0,0.0,0.0,0.0,0.0,0.0,0.0,0.0,0.05348,0.01364,0.20469,0.0,0.0,0.0,0.0,0.0,0.0,0.0,0.0,0.0,0.0,0.0,0.0,0.0,0.0004,0.0,0.25978,2.51846,0.61923,0.18321,4.20491,0.00203,0.00777,0.0,0.3069,0.06821,0.0
ERR1620274,0.0,0.0,0.0,0.0,0.0,0.0,0.0,0.0,0.0,0.0,0.0,0.0,0.0,0.0,0.0,0.0,0.0,0.01723,0.0,0.0,0.00151,0.0,0.0,0.0,0.0,0.0,0.0,0.23684,0.0,0.0,0.23567,0.0,0.0,0.0,0.0099,0.0,0.0,0.0,0.0,0.0,0.0,5.7021,0.0,0.08631,0.0,0.0,1.59907,0.0,0.00157,0.0,0.0,14.19138,0.00766,0.0,0.0,7.57471,0.0,0.62913,0.0,0.68802,0.0,4.82291,5.97862,20.58648,0.0,0.0,0.0,0.0,0.0,0.0,0.01933,0.03026,0.0,0.32187,0.0,0.0,0.0,0.0,0.0,0.0046,0.0,0.0,0.0,0.39773,0.0,0.0,0.0,0.0,0.0,0.0,0.0,0.0,0.0,13.89442,0.0,0.0,0.0,0.0,0.0,0.0,0.0,0.0,0.0,0.10767,0.0,0.37346,0.0,0.0,0.05594,0.10403,0.0,0.0,0.0,0.0,0.0,0.0,0.0,0.0,0.0,0.0,0.0,0.0,0.0,0.03971,0.86071,0.00263,0.0,0.0,0.0,0.0,0.0,0.0,0.0,0.0,0.0,0.0,0.0,0.0,0.0,0.0,0.0,0.00139,2.0802,0.0,0.0,0.0,0.05268,0.0,0.0,0.0,0.0,0.0,0.0,0.0,0.0,0.0,0.0,0.0,0.0,0.0,0.0,0.0,0.0,0.0,0.0,0.0757,0.0,0.23678,0.0,0.0,0.0,0.0,0.00625,0.0,0.0,0.0,0.0,0.0,0.0,0.0,0.0,0.0,0.0,0.0,0.0,0.0,0.0,0.0,0.0,0.0,0.5177,0.0,0.0,0.0,0.0,2.39895,0.06547,0.00533,0.0,0.0,0.0987,0.0,0.01093,0.00254,0.00241,0.00099,0.0,0.0,0.0029,0.0,0.0,0.00098,0.04657,0.0,0.0,0.0,0.0,0.0,0.55586,0.0,0.25671,0.01154,0.0,0.0,0.0,0.0,0.0,0.0,0.0,0.0,0.0,0.0,0.0,0.0,0.0,0.0,0.0,0.0,0.0,0.0,0.0,0.0,0.0,0.0,0.0,0.13739,0.0,0.0,0.0,0.0,0.0,0.0,0.0,0.0,0.0,0.0,0.0,0.0,0.0,0.0,0.0,0.0,0.0,0.05529,0.30396,0.0,0.00195,0.11671,0.0,0.0,0.0,0.0,0.0,0.0,0.45308,0.0,0.04097,0.00052,0.0641,0.0,0.0,0.0,0.0,0.0,0.0,0.0,0.0,0.0,0.0,0.0,1.26431,0.0,0.0,0.33174,0.59465,0.0,0.0,0.0,0.0,0.0,0.0,0.0,0.0,0.0,0.0,0.88424,0.0,0.0,0.00134,0.0,0.0,1.31244,0.0,0.0,0.0,0.06035,0.02469,0.0,0.0,0.0,0.0,0.0,0.0,0.0,0.00628,0.0,0.0,0.02312,0.0,0.0,0.00249,0.0,0.02093,0.0,0.0,0.0,0.0,0.0,0.0,0.0,0.0,0.0,0.0,0.0,0.0,0.0,0.0,0.0,0.0,0.0,0.58442,0.0,0.0,0.0,0.0,0.0,0.0,0.0018,0.0,0.0,0.0,0.0,0.0,0.0,0.13883,0.02028,0.0,0.0,0.0,0.00882,0.0,0.0,0.0,0.0,0.01066,0.0,0.00425,0.0,0.0,0.14472,0.0,0.0,0.0,0.0,0.0,0.0,0.0,0.0,0.0,0.0,1.67756,0.0,0.0,0.0,0.0,0.0,0.04346,0.00253,0.02544,6.5392,0.0,0.0,0.0,0.00142,0.08395,0.0
ERR1620275,0.0,0.0,0.0,0.0,0.0,0.0,0.0,0.0,0.0,0.0,0.01589,0.00608,0.0,0.0,0.0,0.0,0.0,0.0,0.0,0.0,0.0,0.0,0.0,0.0,0.0,0.0,0.0,0.0,0.0,0.0,0.0,0.0,0.0,0.01458,0.0,0.0,0.0,0.0,0.0,0.0,0.0,0.0,0.0,0.0,0.0,0.0,0.0,0.0,0.0,0.0,0.0,0.00089,0.0,0.0,0.0,0.00203,0.0,0.0,0.0,0.0,0.0,0.00195,0.0,0.01591,0.0,0.0,0.0,0.0,0.0,0.0,0.0,0.0,0.0,0.58338,0.02885,0.0,0.0,0.91166,0.0,0.0,0.0,0.0,0.0,0.0,0.0,0.0,0.0,0.0,0.0,0.0,0.0,0.0,0.0,0.0,0.0,0.0,0.0,0.0,0.0,0.0,0.0,0.0,3.84461,0.0,0.0,0.0,0.0,0.0,0.0,0.0,0.0,1.50304,0.0,0.0,0.0,0.09181,0.0,0.0,0.29097,0.0,0.0,0.0,0.0,0.0,34.71989,0.0,0.0,0.0,0.0,0.0,0.0,0.0,0.0,0.0,0.0,0.0,0.0,0.0,0.0,0.0,0.0,0.0,0.0,0.0,0.0,0.0,0.0,0.0,0.0,0.0,0.0,0.0,0.0,0.0,0.0,0.0,0.0,0.0,0.0,0.0,4.88051,0.0,0.0,0.0,0.0,0.43289,0.0,30.03183,0.0,0.0,0.0,0.0,0.0,0.0,0.0,0.0,0.0,0.0,0.0,0.0,0.0,0.0,0.0,0.0,0.0,0.0,0.0,0.0,0.0,0.0,0.0,0.0,0.0,0.0,0.0,0.0,0.0,0.0,0.0,0.0,0.0,0.0,0.0,0.0,0.0,0.0,0.0,0.0,0.0,0.0,0.0,0.0,0.0,0.0,0.0,0.0,0.0,0.0,0.0,0.0,22.44289,0.0,0.0,0.0,0.0,0.0,0.0,0.0,0.0,0.0,0.0,0.0,0.0,0.0,0.0,0.0,0.0,0.0,0.0,0.0,0.0,0.0,0.0,0.0,0.0,0.0,0.0,0.0,0.03575,0.0,0.0,0.0,0.0,0.06934,0.0,0.0,0.0,0.0,0.0,0.0,0.0,0.0,0.0,0.0,0.0,0.0,0.0,0.0,0.0,0.0,0.0,0.0,0.0,0.0,0.0,0.0,0.0,0.0,0.0,0.0,0.0,0.0,0.0,0.0,0.0,0.0,0.0,0.0,0.0446,0.0,0.0,0.0,0.0,0.0,0.0,0.0,0.0,0.0,0.0,0.0,0.0,0.0,0.0,0.0,0.0,0.0,0.0,0.0,0.0,0.0,0.0,0.0,0.0,0.0,0.0,0.0,0.0,0.0,0.0,0.0,0.0,0.0,0.0,0.0,0.0,0.0,0.0,0.0,0.0,0.0,0.0,0.0,0.0,0.0,0.0,0.0,0.0,0.0,0.0,0.0,0.0,0.0,0.0,0.0,0.0,0.0,0.0,0.0,0.0,0.0,0.0,0.0,0.0,0.0,0.0,0.0,0.0,0.0,0.0,0.0,0.0,0.0,0.0,0.0,0.0,0.00661,0.0,0.0,0.0,0.0,0.0,0.0,0.0,0.0,0.0,0.0,0.0,0.0,0.0,0.0,0.0,0.0,0.0,0.0,0.0,0.0,0.0,0.0,0.00064,0.0,0.0,0.0,0.0,0.0,0.0,0.0,0.0,0.0,0.0,0.02337,0.0,0.0,0.0,0.0,0.0,0.0
ERR1620276,0.0,0.0,0.0,0.0,0.0,0.0,0.0,0.0,0.0,0.0,0.0,0.0,0.0,0.0,0.0,0.0,0.0,0.0,0.00669,0.0,0.0,0.0,0.0,0.35728,0.0,0.0,0.0,0.0,0.0,0.0,0.0,0.0,0.0,0.00507,0.73142,2.08715,0.0,0.0,0.0,0.0,0.0,0.62561,0.0,0.0,0.0,0.0,2.89755,0.0,0.0,0.0,0.0,0.1175,0.0,0.0,0.20132,1.99145,0.0,0.0,0.0,0.0,0.00637,5.51118,3.37736,51.82095,1.2267,0.0,0.0,0.0,0.48628,0.0,0.0,0.16566,0.09784,0.16611,0.02437,0.08875,0.0,0.0,0.0,1.12273,0.0,0.20602,0.0,0.0,0.0,0.0,0.08392,0.0,0.0,0.0,0.0,0.0,0.0,0.0,0.0,0.0,0.0,0.0,0.0,0.0,0.0,0.0,0.0,0.0,0.0,0.91728,0.0,0.0,0.05164,1.04968,0.0,0.04878,0.0,0.0,0.0,0.0,0.0,0.0,0.0,0.0,2.86478,0.0,0.0012,0.0,0.16807,0.0,0.0,0.20379,0.0,0.0,0.00209,0.0,0.0,0.0,0.05444,0.0,0.0,0.0,0.0,0.0,0.0,0.0,0.0,0.0,0.27272,0.22947,0.0,0.0,0.0,0.03008,0.0,0.0,0.10339,0.01999,0.00069,0.0,0.0,0.0,0.0,0.0,0.0,0.0,0.0,0.0,0.0,0.15551,0.0,3.78456,0.0,0.0,0.0,0.0,0.07001,0.0,0.0,0.0,0.0,0.0,0.0,0.0,0.0,0.0,0.0,0.0,0.12092,0.0,0.01202,0.0,0.23287,0.0,2.21888,0.0,0.08815,0.0,0.0,0.00687,0.0007,0.0,0.0,0.0,0.0,0.0,0.0,0.0,0.0,0.0,0.0,0.0,0.00238,0.0,0.0,0.0,0.26676,0.0,0.0,0.0,0.0,0.0,0.0,0.0,0.08171,0.0,0.00016,0.0,0.0,0.0,0.0,0.0,0.0,0.0,0.0,0.0,0.0,0.00158,0.0,0.0,0.0,0.0,0.0,0.0,0.0,0.0,0.0,0.0,0.0,0.0,0.0,0.0,0.0,0.0,0.0,0.0,0.0,0.0,0.0,0.0,0.0,0.0,0.00071,0.0,0.0,0.00036,0.0,0.0,0.0,0.0,0.0,0.0,0.0,0.0,0.0,0.0,0.0,0.0,0.0,0.0,0.0,0.0,0.07785,0.0,0.0,0.0,0.0,0.0,0.0,0.0,0.0,0.0,0.0,0.0,4.37939,0.0,0.0,0.0,0.18809,0.0,0.0,0.54806,0.0,0.0,0.0,0.0,0.0,0.0,0.0,0.0,0.0,0.0,0.0,0.0,0.0,0.0,0.0,0.0,0.0,0.0,0.0,0.0,0.0,0.0,0.0,0.0,2.14589,0.0,0.0,0.0,0.0,0.0,0.0,0.03895,0.0,0.0,0.0,0.0,0.02059,0.0,0.0,0.0,0.0,0.0,0.0,0.04862,0.28741,0.0,1.84329,0.0,0.0,0.0,0.0,0.0,0.42312,0.0,1.16567,1.20656,0.0,0.00041,0.0,0.0,0.0,0.16979,0.0,0.0,0.0,0.0,0.0,0.0,0.0,0.0,0.0,0.0,0.0,0.0,0.0,0.0,0.0,0.0,0.0,0.0059,0.0,0.04227,0.0,0.0,0.0,0.0,0.0,0.0,0.0,0.0,0.0,0.0,0.0,0.0,0.0,0.0,0.03235,0.00354,0.09959,0.17923,0.0717,0.50097,0.0,0.0,0.0,0.05089,0.00236,0.0
ERR1620280,0.0,0.0,0.00509,0.0,0.0,0.0,0.0,0.0,0.0,0.0,0.0,0.0,0.0,0.0,0.0,0.0,0.0,0.0,0.0,2.96876,0.24086,0.0,27.63913,0.05163,0.0,0.0,0.0,0.0,0.0,0.0,0.0,0.0,0.0,0.0,0.0,0.19708,0.21691,0.0,0.0,0.0,0.0,1.77637,0.10403,0.57659,0.0,0.0,0.0,0.0,0.00125,0.0,0.01537,0.1169,0.0,0.0,0.00193,0.09207,0.0,0.0,0.0,0.2127,21.29596,1.03476,5.32416,11.37943,0.37197,1.69002,0.0,0.0,0.0,0.0,0.0,0.0,1.53675,0.15562,0.0,0.0,0.0,0.0,0.0,0.00411,0.0,0.0,0.04176,0.66585,0.0,0.0,0.0,0.07701,0.41201,0.0,0.0,0.0,0.0,0.0,0.0,0.0,0.0,0.0,0.05505,2.12452,0.0,0.0,0.0,0.00243,0.0,0.38009,0.0,0.0,0.11825,0.0,0.0,0.00164,0.0,0.0,0.0,0.0,0.0,0.00129,0.0,0.0,0.0,0.0,0.0,0.0,1.8509,0.0,0.0,0.44196,0.00035,0.00064,0.00262,0.0,0.0,0.0,0.0,0.0,0.0,0.0,0.52025,0.0,0.0,0.0,0.95847,0.0,0.0,0.04619,0.04914,0.3147,0.0,0.00908,0.0,0.0,0.0,0.04369,0.0,0.0,0.0,0.0,0.0,0.0,0.0,0.0,0.0,0.0,0.0,0.0,0.0,0.7635,0.0,0.0,0.0,0.0,0.0,0.0,0.00159,0.00597,0.0,0.0,0.0,0.0,0.0,0.0,0.0,0.0,0.0,0.0,0.0,0.0,0.0,0.0,3.61385,0.0,0.08267,0.0,0.0,0.39057,0.0,0.0,0.0,0.0,0.0,0.0,0.0,0.0,0.0,0.0,0.0,0.0,0.00077,0.0,0.0,0.0,0.0,0.0,0.0,0.0,0.0,0.0,0.19534,0.0,0.00042,0.0,0.0,0.0,0.0,0.0,0.0,0.0,0.0,0.0,0.0,0.0,0.0,0.0,0.0,0.0,0.0,0.0,0.0,0.01405,0.0,0.0,0.0,0.0,0.0,0.0,0.0,0.0,0.26609,0.0,0.0,0.0,0.0,0.0,0.0,0.0,0.0,0.0,0.0,0.00063,0.0,0.13968,0.0,0.56032,0.44009,0.0,1.35512,0.0,0.0,0.2444,0.0,0.0,0.0,0.0,0.0,0.0,0.00171,0.0,0.80072,0.0,0.02018,0.0,0.0,0.0,0.0,0.0,0.0,0.0114,0.0,0.0,1.02838,0.12579,0.0,0.05311,0.0,0.0,0.01675,0.06731,0.0,0.0,0.0,0.0,0.0,0.0,0.0,0.01262,0.92877,0.0,0.0,0.0,0.0,0.0,0.0,0.01208,0.0,0.0,0.0,0.0,0.0,0.0,0.0,0.0,0.0,0.0,0.0,0.00726,0.0,0.0,0.0,0.00293,0.0,0.0,0.0,0.0,0.0,0.0,0.0,0.0,0.0,0.0,0.0,0.0,0.0,0.0,0.0,0.0,0.0,0.0,0.0,0.0,0.08757,0.13698,0.71505,0.01102,0.06076,0.0,0.0,0.0,0.0,0.0,0.01329,0.0,2.48351,0.0,0.0,0.0,0.0,0.0,0.0,0.0,0.0,0.0,0.0,0.0,0.0,0.0,0.0,0.00534,0.0,0.0185,0.0,0.0,0.0,0.0,0.0,0.0,0.0,0.0,0.00334,0.00396,0.06535,0.0,0.0021,0.0,0.00102,0.0,0.00712,0.0,0.00553,0.07795,0.0,0.0,0.0,0.00279,0.00738,0.0
ERR1620282,0.0,0.0,9.49567,0.0,0.0,0.0,0.0,0.0,0.0,0.0,0.0,0.0,0.0,0.0,0.0,0.0,0.26905,0.0,0.00082,0.0,0.15243,0.0,2.85205,0.02371,0.0,0.0,0.29653,0.0,0.0,0.0,0.0,0.0,0.0,0.0,0.05582,0.0,0.0,0.0,0.0,0.0,0.0,0.0,0.01815,0.04803,0.0,0.0,2.84753,0.0,0.0,0.0,0.0,0.1458,0.0,1.57873,0.0,0.05657,0.0,0.0,0.0,0.0,2.71869,1.48533,0.06413,2.18416,0.01139,0.0,0.0,0.02153,0.07501,0.0,0.0,0.01335,0.13716,0.08415,0.0,0.0,0.00956,0.0,0.0,0.01124,0.0,0.0,0.02019,0.11106,0.0,0.0,0.0,0.0,0.09359,0.0,0.0,0.0,0.0,0.0,0.0,0.0,0.0,0.0,0.0,0.0,0.0,0.0,0.0,0.0,0.0,0.0,0.0,0.0,0.06658,0.0,0.0,0.0,0.0,0.0,0.0,0.0,0.08184,0.0,0.0,0.0,0.0,0.0,0.0,0.0,0.0,0.0,0.0,0.15058,0.00027,0.0,0.00017,0.0,0.0,0.0,0.0,0.29871,0.0,0.0,0.0,0.0,0.0,0.0,0.0,0.0,0.0,0.0,0.0,0.49844,0.0,0.0,0.0,0.0,0.0,0.0,0.0,0.0,0.0,0.0,0.0,0.0,0.0,0.0,0.0,0.0,0.0,0.0,0.0,1.40921,0.0,0.0,0.0,0.0,0.00226,0.0,0.0,0.02992,0.70367,0.0,0.0,0.0,0.0,0.65894,0.0,0.0,0.0,0.0,0.0,0.0,0.0,0.0,0.37653,0.0,0.01448,0.0009,0.00108,5.54742,0.0,0.0,0.0,0.0,0.0,0.0,0.0,0.0,0.0,0.0,0.0,0.0,0.0,0.0,0.0,0.0,0.0,0.0,0.0,0.0,0.0,0.0,0.01052,0.0,0.0,0.0,0.0,0.0,0.0,0.0,0.04398,0.05339,0.00996,0.0,0.0,0.0,0.0,0.0,0.0,0.0,0.0,0.0,0.0,0.0,0.0,0.0,0.0,0.0,0.0,0.0,0.0,0.00768,0.00696,0.0,0.0,0.0,0.0,0.0,0.01169,0.0,0.0,0.0,0.0,0.0,0.0,0.72325,0.0,0.69839,0.0,0.0,0.48271,0.0,0.0,0.0,0.0,0.19263,0.0,0.0,0.0,0.0,0.0,0.0,0.22992,0.0,0.02117,0.0,0.0,0.0,0.0,0.0,0.0,0.0,0.0,0.0,1.5749,0.00486,0.0,0.0,0.24696,0.0,0.0,0.0,0.0,0.0,0.0,0.0,0.0,0.0,0.0,0.0,2.02758,0.0,0.0,0.0,0.0,0.0,0.0,33.7851,0.0,0.0,0.0,0.0,0.0,0.0,1.67689,0.0,0.95917,0.00168,0.0,20.1308,0.0,0.0,0.0,0.0,0.0,0.0,0.0,0.0,0.0,0.0,0.0,0.0,0.0,0.0,0.0,0.11504,0.0,0.0,1.15476,0.00036,0.0,0.0,0.0,0.0,0.05628,0.0,0.73933,0.00605,0.0,0.0,0.0,0.0,0.0,0.0,0.0,0.0,0.0,0.0,0.0,0.0,0.0,0.0,0.0,0.0,0.0,0.0,0.0,0.0,0.0,0.0,0.0,0.00287,0.03751,0.01084,0.0,0.0,0.0,0.0,0.0,0.0,0.0,0.0,0.0,0.08597,0.08721,0.0,0.0,0.0,0.0,0.06419,0.01127,0.00267,0.00198,0.0,0.0,0.0,0.0,0.0003,0.00073,0.0
ERR1620283,0.0,0.0,19.46165,0.0,0.0,0.00146,0.0,0.00196,0.0,0.00121,0.0,0.0,0.00112,0.0,0.00128,0.0,0.0,0.0,20.22974,0.01062,0.03052,0.0067,0.00053,0.01684,0.0,0.0,0.12305,0.0,0.0,0.0,0.71778,0.0,0.0,0.0,0.0,0.0,0.1754,0.0012,0.0,0.0,0.0,0.0,0.00293,0.0,0.0,0.0,0.86516,0.0,0.0,0.04586,0.0,0.27111,0.0,0.0,0.0,0.04221,0.0,0.0,0.0,0.0,0.0,0.04676,0.17572,0.00656,0.05366,0.0,0.0,0.0,0.0,0.0,0.0,0.0,0.0,0.03857,0.03047,0.0,0.0,1.55035,0.0,0.02,0.0,0.0,0.0,0.00694,0.0,0.0,0.0,0.01067,0.0,0.0,0.0,0.0,0.0,0.0,0.0,0.0,0.0,0.0,0.00214,0.10768,0.0,0.0,0.01173,0.02951,0.0,0.02212,0.0,0.0,0.07753,5.70799,0.0,0.34734,0.06386,0.00175,0.0,0.0,0.00049,0.01289,0.0,0.0,0.0,0.02559,0.0,0.0,0.21302,0.0,0.0,0.0,0.0,0.00067,0.0,0.02985,0.0,0.0,0.0,0.0,0.0,0.00038,0.0,0.0,0.0,0.0,0.0,0.0,0.0,0.0,0.0,0.0,0.0,2.51478,0.0,0.0,0.0,0.0389,0.0,0.0,0.0,0.0,0.0,0.0,0.0,0.0,0.0,0.0,0.00542,0.48331,0.0,2.61574,0.0,0.0,0.0348,0.0,0.0,0.0,0.00694,0.0,0.0,0.0,0.0,0.0,0.0,0.0,0.0,0.07949,0.0,0.0,0.0,0.0,0.0,0.0,0.85273,0.0,0.0,0.0,0.0,0.0,0.00777,0.0,0.0,0.0,1.13032,0.0,0.0,0.0,0.00232,0.0,0.0,0.0,0.37425,0.0,0.0,0.0,0.0048,0.0,0.0,0.0,0.0,0.03128,0.0,0.0,0.04437,0.00476,0.0,0.0,0.0,0.0,0.0,0.0,0.0,0.0,0.0,0.0,0.0,0.0,0.0,0.0,0.0,0.0,0.0,0.0,0.0,0.0,0.0,0.0,0.0,0.0,0.0,0.0,0.00411,0.0,0.0,0.0,0.0,0.0,0.0,0.0,0.0,0.0,0.00472,0.0,0.0,0.0,0.0,0.0,0.0,0.0,0.0,0.0,0.0,0.0,0.0,0.0,0.0,0.0,0.0,0.0,0.0,0.0,0.0018,0.0,0.0,0.0,0.0,0.0,0.0,0.0,0.0,0.00575,0.0,0.0,0.37084,0.04032,0.00484,0.0,0.0,0.0,0.0,0.0,0.0,0.0,0.0,0.0,0.0,0.0,0.00208,1.46493,0.00092,0.0,0.0,0.0,0.0,0.0,0.0,0.01863,0.0,0.0,0.0,0.0,0.0,0.0,0.0,0.0,0.0,0.0,0.0,0.00803,0.0,0.0,0.0,0.0,0.0,0.0,0.0,0.0,0.0,0.0,0.0,0.0,0.0,0.0,0.0,0.0,8.39368,0.0,0.0,0.0,0.0,0.0,0.0,10.79049,18.80883,0.0,0.0,0.74119,0.0,0.0,0.0,0.0,0.0,0.01739,0.0,0.0,0.0,0.0,0.0,0.0,0.00106,0.0,0.0,0.0,0.0,0.0,0.0,0.0,0.0,0.0,0.0,0.03319,0.0,0.35762,0.0,0.0,0.0,0.0,0.0,0.0,0.0,0.0,0.00121,0.0,0.0,0.0,0.0,0.0,0.0,0.09384,0.0,0.0,0.0,0.0,0.0,0.0,0.0,0.0,0.0,0.0
ERR1620285,0.0,0.0,0.01013,0.0,0.0,0.0,0.0,0.0,0.0,0.0,0.0,0.0,0.0,0.0,0.0,0.0,0.06037,0.0,7.21434,0.0,0.0,0.0,0.04156,0.0,0.0,0.0,0.0,0.0,0.0,0.01283,0.0,0.0,0.0,0.0,0.1474,0.47529,0.03412,0.0,0.0,0.0,0.0,0.0,0.0,0.01709,0.0,0.68485,3.07503,0.0,0.0,0.0,0.0,0.04543,0.0,0.0,0.0,4.67591,0.0,0.0,0.0,0.0,2.03142,1.69859,24.76271,6.96597,0.84928,0.0,0.0,0.0,0.0,0.0,0.0,0.11408,0.0,0.07253,0.0,0.04372,0.0,0.00103,0.0,1.25415,0.0,0.0,0.0,0.00185,0.0,0.0,0.0,0.00357,0.0,0.0,0.0,0.0,0.00256,0.0,0.0,0.0,0.0,0.0,0.32989,0.04026,0.00385,0.0,0.16786,0.08133,0.0,0.32637,0.0,0.0,0.03289,0.37906,0.0,0.03437,0.07468,0.0,0.0,0.0,0.01056,0.0,0.0,0.0,0.0,0.0,0.0,0.0,0.19131,0.0,0.0,0.0,0.0,0.04578,0.0,0.0,1.00523,0.31283,0.0,0.0,0.0,0.0,0.0,0.0,0.0,0.0,0.03426,0.0,0.0,0.0,0.0,0.0,0.0,0.02724,0.0,0.0,0.0,0.0,0.06835,0.0,0.0,0.0,0.0,0.0,0.0,0.0,0.0,0.0,0.0,0.0,0.00925,19.20856,0.0,0.0,0.0,0.79989,0.0,0.00339,0.0,0.0,0.0,0.0,0.58128,0.0,0.02307,0.0,0.0,0.37043,0.36168,0.0,0.0,0.0,0.0,0.0,2.08235,0.00183,0.12325,0.0,0.0,0.0,0.00206,0.00037,0.03074,0.0,0.54076,0.0,0.0,0.0,0.0,0.0,0.0,0.03345,0.00397,0.0,0.0,0.0,0.18514,0.0,0.0,0.0,0.0,0.00142,0.0,0.0,0.34908,0.03921,0.0,0.0,0.0,0.0,0.0,0.0,0.0,0.0,0.0,0.0,0.0,0.0,0.00225,0.0,0.0,0.58234,2.48762,0.0,0.0,0.0,0.0,0.0,0.0,0.0,0.0,0.0,0.0,0.0,0.0,0.0,0.0,0.0,0.0,0.0,0.0,0.0,0.0,0.0,0.0,0.0,0.0,0.0,0.0,0.00881,0.0,0.0,0.0,0.0,0.0,0.0,0.0,0.0,0.0,0.0,0.0,0.0,0.38728,0.0,0.0,0.0,0.0,0.0,0.0,0.0,0.0,0.10533,0.0,0.0,0.30665,0.0,0.0,0.0,1.31307,0.0,0.0,0.0,0.00779,0.0,0.0,0.0,0.0,0.0,0.00958,1.65958,0.0,0.0,0.0,0.0,0.0,0.0,0.0,0.01926,0.0,0.0,0.0,0.0,0.0,0.0,0.0,0.0,0.0,0.0,0.0,0.00667,0.0,0.0,0.0,0.0,0.0,0.0,0.0,0.0,0.0,0.0,0.0,0.0,0.0,0.0,0.0,1.36973,0.82489,0.0,1.14084,0.0,0.0,0.0,0.0,6.60108,0.49042,0.0,0.0,0.32737,0.0,0.0,0.0,0.0,0.0,0.0,0.0,0.0,0.0,0.0,0.0,0.0,0.0,0.0,0.0,0.0,0.0,0.0,0.0,0.0,0.0,0.0,0.0,0.00158,0.02548,0.01001,0.0,0.0,0.0,0.0,0.0,0.0,0.0,0.0,0.0,0.0,0.09781,0.0,0.0,0.0,0.0,0.0,0.00061,0.0,0.00087,0.0,0.0,0.0,0.0,0.0,0.0,0.0
ERR1620286,0.0,0.0,22.20954,0.00119,0.0,0.0,0.00061,0.0,0.0,0.00232,0.0,0.0,0.0,0.0,0.0,0.0,0.0,0.0,0.00178,0.0,0.64765,0.0,0.0,0.01268,0.0,0.0,0.0,0.0,0.0,0.0,0.0,0.0,0.0,0.0,1.66835,0.0,0.0,0.0,0.0,0.0,0.0,0.0,0.02781,0.0,0.08104,0.0,0.0,0.0,0.0,0.0,0.0,0.0,0.0,0.08173,0.0,0.08038,0.0,0.0,0.0084,0.0,0.0009,0.64861,0.49622,1.3401,0.00029,0.0,0.0,0.0,0.0,0.0,0.00616,0.0,0.24871,0.0,0.0,0.0,0.0,0.0,0.0,1.89618,0.0,0.24047,0.0,0.0,0.0,0.0,0.0,0.0,0.0,0.0,0.0,0.0,0.0,0.0,0.0,0.0,0.0,0.0,0.0,0.0,0.0,0.0,0.0,0.0,0.0,3.82999,0.0,0.0,0.19141,6.20379,0.0,0.09134,0.0,0.0,0.0,0.0,0.0,0.0,0.0,0.0,11.70052,0.0,0.0,0.0,0.0,0.0,0.0,1.17676,0.00051,0.00072,0.00665,0.0,0.0,0.0,0.0,0.0,0.0,0.0,0.12154,0.0,0.0,0.0,0.0,0.0,0.0,0.0,0.0,0.0,0.0,0.17124,0.0,0.0,0.0,0.0,0.00021,0.0,0.0,0.0,0.0,0.0,0.0,0.0,0.0,0.0,0.0,0.06321,0.0,1.36461,0.0,0.0,0.0,0.0,0.0,0.0,0.00076,0.0,0.0,0.0,0.0,0.0,0.0,0.0,0.0,0.0,0.0,0.0,0.0,0.0,0.0,0.0,3.34994,0.0,0.0,0.0,0.0,0.0,0.0,0.0,0.0,0.0,0.16588,0.0,0.0,0.00078,0.0,0.01545,0.0,0.0,0.03379,0.0,0.0,0.0,0.0,0.0,0.0,0.0,0.0,0.0,0.0,0.0,0.0,1.68338,0.0,0.0,0.0,0.0,18.45086,1.54166,3.02471,0.0,0.0,0.0,0.0,0.0,0.0,0.0,0.0,0.0,0.0,0.0,0.0,0.0,0.0,0.0,0.0,0.0,0.0,0.0,0.0,0.0,0.0,0.0,0.0,0.0,0.0,0.0,0.0,0.0,0.0,0.0,0.0,0.0,0.0,0.0,0.0,0.0,0.0,0.00178,0.0,0.0,0.0,0.0,0.0,0.00017,0.0,0.0,0.0,0.0,0.0,0.0,0.0,0.0,0.0,0.0,0.0,0.0,0.0,0.0,0.0,0.0,0.2287,0.0,0.0,0.0,0.0,0.0,0.0,0.08919,0.0,0.0,0.0,0.0,0.0,0.0,0.0,0.0,10.98212,0.0,0.0,0.0,0.0,0.0,0.0,1.29522,0.0,0.0,0.0,0.0,0.0,0.0,0.0,0.0,0.0,0.0,0.0,0.00538,0.0,0.0,0.0,0.00316,0.0,0.0,0.0,0.0,0.0,0.0,0.0,0.0,0.0,0.0,0.0,1.41312,0.80605,0.0,0.0,0.0,0.0,0.0,0.0,0.0,1.74988,0.0,0.0,0.0,0.0,0.0,0.0,0.0,0.0,0.17421,0.0,0.0026,0.0,0.0,0.0,0.0,0.00045,0.0,0.0,0.0,0.0,0.0,0.0,0.0,0.0,0.0,0.0,0.02081,0.0,0.18349,0.0,0.0,0.0,0.00283,0.0,0.0,0.0,0.0,0.0,0.0,0.0,0.0,0.0,0.0,0.00891,0.12863,0.01102,0.0,0.00145,0.0,0.0,0.0,0.0,0.0,0.0,0.0
ERR1620288,0.0,0.0,0.0,0.00561,0.00425,0.0,0.0,0.0,0.0,0.01013,0.00335,0.0,0.00313,0.0,0.0,0.00078,0.63636,0.0,0.0,0.0,0.00045,0.0,0.0,0.0,0.0,0.0,0.0,0.0,0.0,0.0,0.0,0.0,0.0,0.0,0.0,0.0,0.0,0.0,0.0,0.0,0.0,0.14504,0.0,0.0,0.0,0.0,0.0,0.0,0.0,0.0,0.0,0.00248,0.0,0.0,0.0,0.0,0.00973,0.0,0.0,0.0,0.0,0.01163,0.0,23.62726,1.98993,0.0,0.0,0.0,0.0,1.16642,0.0,1.15278,2.21993,0.0,0.0,0.0,0.0,0.0,0.0,0.00865,0.0,0.0,0.0,0.0,0.0,0.0,0.0,0.0,0.0,0.0,0.0,0.0,0.0,0.0,0.0,0.00087,0.0,0.0,0.0,0.0,0.0,0.0,0.0,0.03835,0.0,0.00012,0.0,0.0,0.0,0.0,0.05465,0.0,0.02571,0.0,0.0,0.0,0.01867,0.0,0.0,0.0,0.0,0.0,0.0051,0.0,1.26943,0.0,0.0,0.0,0.0,0.0,0.0,0.0,0.0,0.0,0.0,0.0,0.0,0.0,0.0,0.0,0.0,0.42021,0.0,0.31159,0.0,0.0,0.0,0.0,0.0,0.11057,0.00221,0.0,0.0,0.0,0.0,0.0,0.0,0.0277,0.00261,0.0,0.0,0.0,0.0,0.0,0.0,0.05406,0.0,11.46907,0.0,0.01611,0.0,0.0,1.75561,0.00143,0.0,0.0,0.0,0.0,0.0,0.0,0.0,25.62675,0.00261,0.0,0.0,0.0,0.0,0.0,0.0,0.0,0.31338,0.0,0.99923,0.0,0.0,0.0,0.003,0.002,0.0,0.1042,0.09442,0.0,0.00537,0.01302,0.00575,0.02274,0.0,0.0,0.01306,0.00105,0.00156,0.0,0.14522,0.0,0.0,0.03008,0.0,0.0,0.0,0.0,0.0,0.43779,0.0,0.0,0.0,0.0,0.06471,0.00681,0.01335,0.00237,0.0,0.0,0.0,0.0,0.0,0.0,0.0,0.0,0.0,0.0,0.0,0.23956,0.0,0.0,0.0,0.05678,0.0166,0.0,1.73083,0.0,0.0,0.0,0.0,0.16343,0.0,0.0,0.0,0.0,0.0,0.0,0.0,0.0,0.0,0.0,0.0,0.0,0.0,0.45109,0.0,0.0,0.0,0.0,0.0,0.00156,0.0,0.0,0.0,0.0,0.0,0.0,0.0,8e-05,0.0,0.0,0.00096,0.0,0.0,0.0,0.0,0.0,3.69648,0.0,0.0,0.0,0.0,0.0,0.0,0.0,0.0026,0.0,0.0,0.0,0.0,0.0,0.00127,0.0,0.0,0.0,0.0,0.0,0.0,0.0,0.0,0.0,0.0,0.0,0.0,0.0,0.0,0.0,0.0,0.0,0.0,0.0,0.0,0.0,0.0,0.0,0.0,0.0,0.0,0.0099,0.0,0.0,0.0,0.0,0.00109,0.0,0.32166,0.00534,0.04365,0.0,0.0,0.00078,2.23762,0.0,0.00018,0.0,0.05955,0.0,6.62999,8.06502,0.0,0.0,0.0,0.00128,0.0,0.0,0.0,0.0,0.0,0.00258,0.0,0.0,0.0,0.00203,0.00659,0.00117,0.00047,0.01562,0.00069,0.00811,0.0,0.00343,0.07128,0.00032,0.03071,0.02313,0.00256,1.28252,0.00869,0.00696,0.0,0.0,0.0,0.0,0.0,0.0,0.07428,0.0,0.0,0.0,0.0,0.00147,0.0,0.0,0.02334,0.00481,0.02141,0.14894,0.0,0.01459,0.0,0.0,0.01653,0.0
ERR1620289,0.0,0.0,0.0,0.0,0.0,0.0,0.0,0.0,0.0,0.0,0.0,0.0,0.0,0.0,0.0,0.0,0.30299,0.0,0.0,0.0,0.0,0.0,0.0,0.0,0.0,0.0,0.0,0.0,0.0,0.0,0.0,0.0,0.0,0.05171,0.01616,0.0,0.0,0.0,0.0,0.0,0.0,0.23771,0.0,0.0,0.0,0.0,0.0,0.0,0.0,0.0,0.0,0.37167,0.0,0.0,0.0,1.57035,42.29377,0.0,0.0,0.0,1.90787,0.73695,0.64886,21.83545,0.0,0.0,0.0,0.0,0.0,0.0,0.0,0.53001,0.0,0.0,0.0,0.0,0.0,0.0,0.0,0.02214,0.0,0.0,0.0,0.0,0.0,0.0,0.0,0.0,0.0,0.0,0.0,0.0,0.0,0.0,0.0,0.0,0.0,0.0,0.0,0.0,0.0,0.0,0.0,0.0,0.0,0.14044,0.0,0.0,0.00295,0.00187,0.04137,0.04587,0.0,0.0,0.014,0.0,0.0,0.0,0.0,0.0,0.0,0.0,0.0,0.0,0.11232,0.0,0.0,0.0,0.00106,0.0,0.0,0.0,0.0,0.0,0.0,0.0,0.0,0.0,0.0,0.0,0.0,0.0,0.0,0.0,0.0,0.0,0.0,0.0,0.0,0.03128,0.0,0.0,0.0,0.0,0.0,0.0,0.0,0.0,0.0,0.0,0.0,0.0,0.0,0.0,0.0,0.42434,0.0,19.33617,0.0,0.0,0.0,0.0,0.0,0.0,0.0,0.0,0.0,0.0,0.0,0.0,0.0,0.00284,0.0,0.0,3.52088,0.0,0.0,0.0,0.0,0.0,0.13648,0.0,0.0,0.0,0.0,0.6692,0.0,0.00114,0.0,0.0,0.03626,0.0,0.0,0.0,0.0004,0.0,0.0,0.0,0.00173,0.0,0.0,0.0,0.21487,0.0,0.00479,0.0,0.0,0.0,0.0,0.0,0.02359,0.01447,0.0,0.0,0.0,0.0,1.0859,0.10201,0.1689,0.0,0.0,0.0,0.0,0.0,0.0,0.0,0.0,0.0,0.0,0.0,0.0,0.0,0.0,0.0,0.0,0.0,0.0,0.0,0.0,0.0,0.0,0.0,0.0,0.0,0.0,0.0,0.0,0.0,0.0,0.0,0.0,0.0,0.0,0.0,0.0,0.0,0.0,0.0,0.0,0.0,0.0,0.0,0.0,0.0,0.0,0.0,0.0,0.0,0.0,0.0,0.0,0.0,0.0,0.0,0.0,0.0,0.0,0.0,0.0,0.0,0.41095,0.0,0.0,0.0,0.0,0.0,0.0,0.0,0.0,0.0,0.0,0.0,0.0,0.0,0.0,0.62372,0.0,0.0,0.0,0.0,0.0,0.0,0.0,0.0,0.0,0.0,0.0,0.0,0.0,0.0,0.0,0.0,0.0,0.0,0.0,0.0,0.0,0.0,0.0,0.0,0.0,0.0,0.0,0.0,0.0,0.0,0.0,0.0,0.0,0.0,0.00101,0.0,0.0,0.0,0.0,0.0,0.0,0.0,0.0,0.0,1.23533,0.0,0.43059,0.05326,0.0,0.0,0.0,0.0,0.0,0.0,0.0,0.0,0.0,0.0,0.0,0.0,0.0,0.0,0.0,0.0,0.0,0.0,0.0,0.0,0.00212,0.0,0.00273,0.0,0.0,0.00389,0.0,0.0,0.0,0.0,0.0,0.0,0.0,0.0,0.0,0.0,0.0,0.0,0.0,0.0,0.0,0.49143,0.0,0.0,0.00847,0.07494,0.0,0.00082,0.0,0.0,0.0,0.0
ERR1620290,0.0,0.0,0.0,0.00357,0.00285,0.0,0.00068,0.0,0.0,0.00072,0.0021,0.0,0.0,0.0,0.0,0.0,0.0,0.0,0.0,0.0,0.0,0.0,0.0,0.0,0.0,0.0,0.0,0.0,0.0,0.0,0.0,0.0,0.0,0.0,0.09187,0.0,0.0,0.0,0.0,0.00307,0.00209,0.0,0.0,0.0,0.0,0.0,0.0,0.0,0.0,0.0,0.0,0.35335,0.03733,0.0,0.0,0.16244,0.0059,0.0,0.0,0.0,0.0,0.63691,0.0,18.64966,0.00034,0.0,0.0,0.0,0.0,0.0,0.0,0.0,0.03291,0.0,0.06512,0.0,0.0,0.0,0.0,0.0,0.00087,0.0,0.0,0.0,0.0,0.0,0.0,0.0,0.0,4.99867,0.0,0.0,0.0,0.0,0.0,0.0,0.26137,0.00901,0.0,0.0,0.0,0.0,0.60538,0.0,0.0,1.04623,0.0,0.0,0.02097,5.66548,0.00742,0.04683,0.0,0.0,0.0,0.06486,0.31451,0.0,0.0,0.0,0.0,0.0,0.0,0.0,0.0,0.0,0.0,0.0,0.0,0.0,0.0,0.0,0.0,0.0,0.0,0.0,0.0,0.0,0.0,0.0,0.0,0.0,0.0,0.0,0.0,0.0,0.0,0.0,0.0,0.0,0.0,0.0,0.0,0.0,0.0,0.0,0.0,0.0,0.0,0.0,0.01177,0.0,0.0,0.0,0.0,1.521,0.0,28.16155,0.0,0.0,0.0,0.0,0.0,0.0,0.0,0.0,0.0,0.0,0.0,0.0,0.0,0.00323,0.00505,0.0,0.0,0.0,0.0,0.0,0.0,0.0,0.0,0.0,0.0,0.0,0.0,11.42925,0.0,0.01723,0.0,2.37383,0.0,0.00207,0.0,0.01801,0.00471,0.00901,0.0,0.0,0.0,0.0,0.00032,0.0,0.0015,0.0,0.0,0.0,0.0,0.0,0.0,0.0,0.0,0.00121,0.0,0.0,0.0,0.01372,0.04212,0.00539,0.00945,0.0,0.0,0.0,0.0,0.0,0.0,0.0,0.0,0.0,0.0,0.08175,0.0,0.0,0.0,0.0,0.0,0.0,0.0,0.0,0.0,0.0,0.0,0.0,0.0,0.0,0.0,0.0,0.0,0.0,0.0,0.0051,0.0,0.0,0.0,0.0,0.0,0.0,0.0,0.11525,0.0,0.0,0.0,0.0,0.0,0.0042,0.5819,0.00076,0.0,0.0,0.0,0.0,0.0,0.0,0.0,0.00104,0.0,0.0,0.0,0.0,0.0,0.0,0.83353,0.0,0.0,0.0,1.93807,0.0,0.0,0.0,0.00279,0.0,0.0,0.0,0.0,0.0,0.00033,0.0,0.0,0.81347,0.0,0.0,0.0,0.0,0.0,0.0,0.0,0.0,0.0,0.0,0.0,0.0,0.0,0.0,0.0,0.0,0.0,0.0,0.0,0.0,0.0,0.0,0.16502,0.0,0.0,0.08931,0.0,0.0,0.0,0.0,0.0,0.0,0.00222,0.0,0.0,0.0,0.0,0.0,0.00325,0.0,0.0,0.0,17.11189,8e-05,0.0,0.0,0.0,0.00238,0.00204,0.0,0.0,0.0,0.0,0.0003,0.0,0.0,0.0,0.0,0.0,0.00362,0.0,0.0,0.0,0.0,0.0,0.00316,0.01894,0.0,0.01895,0.00237,0.0,0.00101,0.0,0.0,0.0,0.0,0.0,0.0,0.0,0.0,0.0,0.0,0.0,0.10093,0.0,0.0,0.0,0.0,0.00106,0.0016,0.00698,1.35799,0.0,0.0,0.0,0.00198,0.00268,0.00115
ERR1620291,0.0,0.0,0.0,0.0,0.01433,0.0,0.00161,0.0,0.00072,0.03792,0.00522,0.0,0.0,0.0,0.0,0.0,0.0,0.0,0.0,0.0,0.0,0.0,0.0,0.0,0.0,0.0,0.0,0.0,0.0,0.0,0.0,0.0,0.0,0.0,0.0,0.0,0.0,0.0,0.0,0.00306,0.00026,0.0,0.0,0.0,0.0,0.0,0.0,0.0,0.0,0.0,0.0,0.0,0.0,0.0,0.0,0.0,0.0118,0.0,0.0,0.0,0.0,0.0,0.0,0.01377,0.0,0.0,0.0,0.0,0.0,0.93332,0.0,0.31027,0.71938,0.0,0.0,0.0,0.0,0.0,0.0,0.0,0.0,0.00144,0.0,0.0,0.0,0.0,0.0,0.0,0.0,0.0,0.0,0.0,0.0,0.0,0.0,0.0,0.0,0.0,0.0,0.0,0.0,0.0,0.0,0.0,0.0,0.0,0.0,0.0,0.0,0.0,0.0,0.06538,0.0,0.0,0.04599,0.02755,0.0,0.0,0.0,0.0,0.0,0.0,0.0,0.0,0.00613,0.0,0.0,0.0,0.0,0.0,0.0,0.0,0.0,0.0,0.0,0.0,0.0,0.0,0.0,0.0,0.0,0.0,0.0,0.0,0.0,0.0,0.0,0.0,0.0,0.0,0.0,0.0,0.0,0.0,0.0,0.0,0.0,0.0,0.08339,0.0,0.0,0.02483,0.0,0.0,0.0,2.3442,0.0,40.69444,0.15043,0.0,0.0,0.0,0.0,0.0,0.0,0.0,0.0,0.0,0.0,0.0,0.0,0.00289,0.01234,0.0,0.0,0.0,0.0,0.0,0.0,0.0,0.0,0.0,0.0,0.0,0.0,0.0,0.0,0.00059,0.0,0.0,0.0,0.0,0.0,0.01889,0.01693,0.09088,0.0,0.0,0.0,0.00442,0.00613,0.0,0.06998,0.0,0.0,0.0,0.0,0.0,0.0,0.0,0.0,0.0,0.0,0.0,0.0,0.0,0.90067,0.08372,0.29929,0.0,0.0,0.00519,0.0017,0.0,0.0,0.0,0.0,15.04863,0.0,0.00809,0.0,0.0131,0.0,0.0,0.0,0.0,0.00208,0.0,0.09127,0.0,0.15164,0.0,0.0,0.07584,0.0,0.00202,0.01083,0.0,0.0,0.0,0.0,0.0,0.0,0.0,0.0,0.0,0.0,0.05379,0.0,0.0,0.0,0.0,0.0,0.00076,3.85991,0.0,0.0,0.0,0.0,0.0,0.0,0.0,0.00131,0.05754,0.00017,0.0,0.0,0.0,0.0,0.0,0.0,0.0,0.0,0.0,0.0,0.0,0.0,0.0,0.0,0.0,0.0,0.0,0.0,0.0,0.0,0.0,0.0,5.13141,0.0,0.0,0.0,0.0,0.0,0.0,0.0,0.0,0.0,0.00117,0.0,0.0,0.0,0.0,0.0,0.0,0.0,0.0,0.0,0.0,0.00275,0.0,0.0068,0.0045,0.0,0.0,0.0,0.0,0.0,0.0,0.0,0.0,0.0,0.0,0.0,0.0,0.0,0.0,0.01301,0.0,0.0,0.0,0.01616,0.0,6.48424,0.0,0.0,0.03059,0.0,0.0,0.0,0.0,0.0,0.00557,0.0,0.00326,0.0,0.00208,0.00794,0.0,0.0,0.00687,0.00597,0.12853,5.89446,0.0,0.11341,0.0,0.06572,0.18878,0.0,1.64474,0.00984,0.0,0.01312,0.00888,0.00079,0.00382,0.00186,0.0,0.00665,0.0,1.15072,0.0,0.0,0.293,0.0,0.0,1.03263,0.7127,0.47337,9.47179,0.0,0.00254,0.0,0.67429,0.0,0.0
ERR1620292,0.0,0.0,0.0,0.0,0.00509,0.0,0.00057,0.0,0.0,0.0,0.0,0.0,0.0,0.0,0.0,0.0,0.0,0.0,0.0,0.0,0.0,0.0,0.00176,0.0,0.0,0.0,0.0,0.0,0.00932,0.0,0.0018,0.0,0.0,0.03045,0.0,0.0,0.0,0.0,0.0,0.0,0.0076,0.00187,0.0,0.0,0.0,0.0,0.00339,0.0,0.0,0.0,0.0,2.02907,0.0,0.0,0.0,4.36589,0.0,0.0,0.0,0.0,0.0,11.77512,0.96524,21.96245,0.00301,0.0,0.0,0.0,0.0,0.0,0.0,0.0,0.01317,0.0,0.46174,0.0,0.0,0.0,1.66692,0.13436,0.0,0.0,0.0,0.0,0.0,0.0,0.0,0.0,0.0,0.0,0.0,0.0,0.0,0.0,0.0,0.0,0.0,0.0,0.0,0.0,0.0,0.0,0.00679,0.30765,0.0,0.28246,0.0,0.0,0.25894,0.45295,0.0,0.85117,0.0,0.0,0.0,0.0,0.00965,0.0,0.00017,0.0,0.0,0.0,0.0,0.0,0.62805,0.0,0.0,0.0,0.0,0.0,0.0,0.0,0.0,0.0,0.0,0.0,0.0,0.0,0.0,0.0,0.0,0.00045,0.0,0.0,0.0,0.0,0.0,0.0,0.0,0.0,0.0,0.0,0.0,0.0,0.0,0.0,0.0,0.0,0.0,0.0,0.05894,0.0,0.0,0.0,0.0,3.46326,0.0,30.86376,0.07175,0.0,0.0,0.0,0.01151,0.0,0.0,0.0,0.0,0.0,0.0,0.0,0.0,0.0,0.0,0.0,0.0,0.0,0.0,0.22806,0.0,0.0,0.53937,0.0,0.1096,0.0,0.0,0.00168,0.00831,0.0,0.0,0.24352,0.0,0.0,0.0,0.0,0.0,0.00387,0.0,0.0,0.0,0.0,0.0,0.0,0.00389,0.0,0.0,0.0,0.0,0.0,0.0,0.0,0.0,0.0,0.0,0.14761,0.0,0.0,0.44606,0.11236,0.04082,0.0,0.0,0.0,0.0,0.0,0.0,0.0,0.0,0.0,0.0,0.0,0.00455,0.0,0.0,0.0,0.0,0.0,0.0,0.0,0.0,0.0,0.0,0.0,0.0,0.02439,0.0,0.0,0.0,0.0,0.0,0.0,0.0,0.01835,0.0,0.0,0.0,0.0,0.0,0.03256,0.0,0.0,0.0,0.0,0.0,0.0,0.0,0.0,0.0,0.0,0.0,0.0,0.0,0.0,0.0,0.0,0.0,0.0,0.0,0.0,0.0,0.0,0.00063,0.0,0.0,0.0,0.0,0.0,0.0,0.0,0.0,0.0,0.0,0.32634,0.0,0.11909,0.0,3.94041,0.0,0.0,0.0,0.0,0.98838,0.0,0.0,0.0,0.0,0.0,0.0,0.0,0.0,0.0,0.0,0.0,0.0,0.0,0.0,0.0,0.0,0.0,0.0,0.01367,0.0,0.0,0.0,0.0,0.0,0.0,0.0,0.0,0.0,0.0,0.0,0.0,0.0,0.0,0.71475,0.0,0.0,0.0,0.0,0.0,9.05422,0.1042,0.0,0.26367,0.0,0.00334,0.0,0.0,0.0,0.12443,0.0,0.0,0.0,0.0,0.0,0.19825,0.0,0.0,0.0,0.0,0.0,0.0,0.0,0.0,0.00906,0.0,0.0,0.0,0.0,0.01647,0.0,0.0,0.0,0.0,0.0,0.0,0.0,0.0,0.0,0.0,0.0,0.0,0.0,0.0,0.0,0.0,0.0,0.0,0.0,0.90203,0.0,0.0,0.54977,0.0,0.0,0.0
ERR1620293,0.0,0.0,0.0,0.0,0.0,0.0,0.0,0.0,0.0,0.0,0.0,0.0,0.0,0.0,0.0,0.0,0.0,0.0,0.0,0.0,0.0,0.0,0.1332,0.0,0.0,0.0,0.0,0.0,0.0,0.0,0.0,0.0,0.0,0.0,4.05443,0.0,0.0,0.0,0.0,0.0,0.0,0.2997,0.0,0.0,0.0,0.0,0.0,0.0,0.0,0.0,0.0,0.02119,0.0,0.0,0.0,0.03176,0.0,0.0,0.0,0.0,0.0,4.54515,0.71356,13.51627,0.68918,0.0,0.0,0.0,0.0,0.0,0.04422,0.0,0.0,0.0,0.0,0.0,0.0,0.0,0.0,0.0,0.0,0.0,0.00154,0.00145,0.0,0.0,0.0,0.0,0.0,0.0,0.0,0.00266,0.0,0.0,0.0,0.0,0.0,0.0,0.0,0.0,0.0,0.0,0.30032,0.0,0.0,0.0,0.0,0.01437,0.0,0.0,0.0,0.04129,0.0,0.0,0.0,0.0,0.02608,0.0,0.0,0.0,0.0,0.0,0.0,0.0,0.52987,0.0,0.0,0.0,0.0,0.0,0.0,0.0,0.0,0.0,0.0,0.0,0.0,0.0,0.0,0.0,0.0,0.0,0.0,0.0,0.0,0.0,0.0,0.0,0.0,0.04664,0.00029,0.0,0.0,0.0,0.0,0.0,0.0,0.0,0.00371,0.0,0.0,0.0,0.0,0.0,0.0,3.47927,0.0,0.62054,0.0,0.0,0.0,7.33483,0.0,0.0,0.0,0.0,0.0,0.0,0.0,0.0,0.0,0.0,0.0,0.0,8.74948,0.0,0.0,0.0,0.0,0.0,0.0,0.0,0.0,0.0,0.0,5.30563,0.0,0.00119,0.0,0.43771,0.05626,0.0,0.0,0.0,0.0,0.0,0.0,0.0,0.0048,0.0,0.0,0.0,1.22345,0.10797,0.11805,0.07707,0.11251,0.0,0.0,0.01458,0.06404,0.0,0.0,0.0,0.0,0.02578,0.0,0.0,0.0,0.0,0.00168,0.0,0.0,0.0,0.0,0.0,0.0,0.0,0.0,0.0,0.0,0.0,0.0,0.0,0.0,0.0,0.0,0.0,0.0,0.0,0.0,0.0,0.0,0.0,0.0,0.0,0.0,0.0,0.0,0.0,0.0,0.0,0.0,0.0,0.0,0.0,0.0,0.0,0.0,0.0,0.0,0.0,0.0,0.0,0.0,0.0,0.23038,0.02442,0.0,0.0,0.0,0.0,0.0,0.0,0.0,0.0,0.0,0.0,0.0,0.0,2.43807,0.0,0.0,0.0,0.0,0.0,0.0,0.0,0.0,0.0,0.0,0.0,0.0,0.0,0.0,0.0,0.0,0.0,0.0,0.0,0.0,0.0,0.00222,0.0,0.0,0.0,0.0,0.0,0.0,0.0,0.0,0.0,0.0,0.0,0.0,0.0,0.00136,0.0,0.0,0.0,0.0,0.0,0.0,0.0,0.0,0.0,0.0,0.0,0.0,0.0,0.01099,0.0,0.0,0.0,0.0,0.0,0.0,0.0,0.0,0.0,40.2155,0.0,0.0,0.00546,0.0,0.0,0.0,0.0,0.0,0.0,0.0,0.0,0.0,0.0,0.0,0.0,0.00421,0.0,0.0,0.0,0.0,0.0,0.0,0.0,0.00858,0.0,0.00166,0.15944,0.0,3.46786,0.0021,0.0,0.0,0.0,0.00621,0.0,0.0,0.0,0.0,0.0,0.0,0.0,0.0,0.05919,0.0,0.13635,0.10527,0.12307,0.04608,0.1716,0.0,0.00487,0.0,0.02341,0.0,0.0
ERR1620294,0.0,0.0,0.0,0.0,0.0,0.0,0.0,0.0,0.0,0.0,0.0,0.0,0.0,0.0,0.0,0.0,0.0,0.0,0.0,0.0,0.0,0.0,0.0,0.0,0.0,0.0,0.0,0.0,0.0,0.0,0.0,0.0,0.0,0.0,0.0,0.0,0.0,0.0,0.0,0.00085,0.0,0.0,0.0,0.0,0.0,0.0,10.48794,0.0,0.0,0.0,0.0,9.44557,0.0,0.0,0.0,0.0,0.0,0.0,0.0,0.0,9.26657,14.78346,0.34161,0.00474,3.2994,0.0,0.0,0.0,0.0,0.0,0.0,0.0,0.0,0.0,0.0267,0.0,0.0,0.52242,0.0,0.54362,0.0,0.0,0.0,0.0,0.0,0.0,0.0,0.0,0.0,0.0,0.0,0.0,0.0,0.0,0.0,0.0,0.0,0.0,0.0,0.0,0.0,0.0,0.0,0.00157,0.0,1.88894,0.22811,0.0,0.0,0.0,0.0,1.95786,0.0,0.0,0.0,0.0,0.0,0.00238,0.0,0.0,0.0,0.0,0.0,0.0,0.58987,0.0,0.0,0.0,0.0,0.0,0.0,0.00217,0.0,0.0,0.0,0.0,0.0,0.0,0.0,0.0,0.0,0.0,0.36935,0.0,0.0,0.0,0.01532,0.0,0.0,0.01587,0.0,0.00037,0.0,0.0,0.0,0.0,0.0,0.0,0.03623,0.0,0.0,0.0,0.0,0.0,0.0,1.80121,0.0,0.41664,0.0,0.0,0.0,0.0,0.0,0.0,0.0,0.0,0.0,0.0,0.0,0.0,0.0,0.0,0.00137,0.0,1.61776,0.0,0.0,0.0,0.0,0.0,1.14903,0.0,0.0,0.0,0.0,0.0,0.00224,0.00392,0.0,0.42272,0.0,0.0,0.0,0.00541,0.0,0.01409,0.0,0.0,0.0,0.0,0.0,0.0,0.28106,0.0,0.0,0.0,0.0,0.0,0.0,0.0,0.47883,0.0,0.0,4.17866,0.0,0.0,0.20515,0.01209,0.07336,0.0,0.0,0.0,0.00074,0.0,0.0,0.0,0.0,0.0,0.0,0.08133,0.0,0.0,0.0,0.0,0.0,0.18592,0.0,0.0,1.56183,0.0,0.0,0.0,0.0,0.0,0.0,0.0,0.0,0.0,0.0,0.0,0.0,0.0,0.0,0.0,0.0,0.0,0.0,0.06519,0.0,0.0,0.0,0.0,0.0,0.00527,0.45699,0.0,0.0,0.0,0.0,0.0,0.0,0.0,0.0,0.0096,0.00021,0.0,0.0,0.0,0.0,0.0,2.69807,0.0,0.0,0.50121,0.0,0.0,0.0,0.00429,0.0,0.0,0.0,0.0,0.0,0.0,0.0,0.22084,0.0,0.0,0.0,0.0,0.0,0.0,0.0,0.38671,0.0,0.0,0.0,0.0,0.0,0.0,0.0,0.0,0.0,0.0,0.0,0.0,0.0,0.0,0.0,0.023,0.0,0.0,0.0,0.0,0.0,0.0,0.0,0.0,0.0,0.0,0.0,0.0,0.0,0.0,0.0,0.0,0.0,0.0,0.0,0.0,23.02747,0.0,0.0,0.0,0.0,0.0,0.0,0.0,0.0,0.0,0.0,0.0,0.0,0.03037,0.0,0.05571,0.00514,0.00426,0.0,0.0,0.0,0.00546,0.0,0.002,0.01496,0.0,0.00258,0.09321,0.0,1.32322,0.0,0.0,0.0,0.04015,0.0,0.0,0.0,0.0,0.01874,0.0,0.0,0.0,0.0,0.0,0.0,4.24678,0.18546,0.00474,0.00752,0.1924,0.0,0.0,0.0,0.02992,0.01426,0.0
ERR1620295,0.0,0.0,0.0,0.0,0.0,0.0,0.0,0.0,0.0,0.0,0.0,0.0,0.0,0.0,0.0,0.0,0.12488,0.0,0.1671,0.05537,0.0,0.0,5.81673,0.3179,0.0,0.0,0.0,0.0,0.0,0.0,5.32605,0.0,0.0,0.0,0.0,0.0,0.0,0.0,0.0,0.0,0.0,4.56378,0.09425,0.0,0.0,0.0,2.41154,0.0,0.0,0.0,0.01048,2.29085,0.0,0.0,0.0,14.41061,0.0,0.48963,0.0,0.0,0.0,1.89111,11.59398,28.74123,0.07737,0.0,0.0,0.0,0.0,0.0,0.00429,0.33761,0.3753,0.42821,0.0,0.0,0.0,0.0,0.0107,0.0,0.0,0.0,0.0,0.06368,0.0,0.0,0.0,0.0,0.0,0.0,0.0,0.0,0.0,0.0,0.0,0.0,0.0,0.0,0.0,0.02266,0.0,0.0,0.0,0.02242,0.0,1.2491,0.74126,0.0,0.38402,0.0,0.0,0.00519,0.0,0.0,0.0,0.0,0.0,0.0,0.0,0.0,0.0,0.0,0.0,0.0,0.35511,0.0,0.0,0.0,0.0,0.0,0.0,0.0,0.0,0.0,0.0,0.0,0.0,0.0,0.46635,0.0,0.0,0.0,0.0,0.0,0.0,0.0,0.0,0.0,0.0,0.00227,0.0,0.0,0.0,0.0,0.0,0.0,0.0,0.0,0.0,0.0,0.0,0.0,0.0,0.0,0.0,0.05459,0.0,0.28527,0.0,0.0,0.0,0.0,0.0,0.0,0.00238,0.0,0.0,0.0,0.0,0.0,0.0,0.0,0.0,0.0,0.0,0.0,0.0,0.0,0.0,0.0,1.8862,0.0,0.0,0.0,0.0,4.12601,0.0,0.0,0.0,0.02094,0.0,0.0,0.00097,0.0,0.0,0.0,0.0,0.0,0.00329,0.0,0.0,0.0,0.0,0.0,0.0,0.0,0.0,0.0,0.0,0.0,0.0193,0.00473,0.0,0.0,0.0,0.0,0.02477,0.0,0.0,0.0,0.0,0.0,0.0,0.0,0.0,0.0,0.0,0.0,0.26563,0.0,0.0,0.0,0.0,0.0,0.0,0.0,0.0,0.0,0.0,0.0,0.0,0.0,0.0,0.0,0.0,0.0,0.0,0.0,0.0,0.0,0.0,0.35057,0.0,1.15643,0.0,0.0,0.0,0.17271,0.0,0.0,0.0,0.0,0.0,0.0,0.0,0.0,0.0,0.0,0.0,0.0,0.0,0.0,0.0,0.0,0.0,0.0,0.0,0.00652,0.0,0.0,2.87493,0.0,0.01799,0.0,0.0,0.0,0.0,0.0,0.0,0.0,0.0,0.0,0.0,0.0,0.0,2.4746,0.0,0.0,0.0,0.0,0.0,0.0,0.0,0.0,0.0,0.0,0.0,0.0,0.0,0.0,0.0,0.0,0.0,0.0,0.0,0.0,0.0,0.0,0.0,0.0,0.0,0.0,0.0,0.0,0.0,0.0,0.0,0.0,0.0,0.0,0.0,0.0,0.0,0.0,0.0,0.0,0.00073,0.0,0.0,0.0,0.78613,0.0,0.0,0.03454,0.0,0.0,0.0,0.0,0.0,0.0,0.0,0.0,0.0,0.0,0.0,0.00416,0.00458,0.0035,0.0,0.0174,0.0,0.0104,0.0,0.0,0.06392,0.0,0.01227,0.00982,0.0,0.32836,0.0,0.0,0.0,0.0,0.0,0.0,0.0,0.00388,0.0,0.0,0.08738,0.0,0.0,0.0,0.0,0.00471,0.01357,0.00532,0.00964,1.68242,0.0,0.0,0.0,0.0,0.31841,0.0
ERR1620296,0.0,0.0,0.0,0.0,0.0,0.0,0.00077,0.0,0.0,0.0,0.0,0.0,0.0,0.0,0.0,0.0,0.53112,0.0,0.00271,0.0,0.0,0.0,0.0,0.0,0.0,0.0,0.0,0.0,0.0,0.0,0.0,0.0,0.0,0.0,0.0,0.0,0.0,0.0,0.0,0.0,0.0,0.0,0.0,0.0,0.0,0.0,32.08923,0.0,0.0,0.0,0.0,0.54536,0.16656,0.0036,0.0,1.40148,0.00102,0.02622,0.04642,0.0,0.0,16.45678,4.93014,0.00284,0.02383,0.0,0.0,0.0,0.0,0.0,0.0,0.0,0.00355,0.21522,0.00183,0.0,0.0,0.05374,0.02834,0.83147,0.0,0.0,0.0,0.0,0.0,0.0,0.0,0.0,0.0,0.0,0.0,0.0,0.0,0.0,0.0,0.0,0.0,0.0,0.0,0.0,0.0,0.0,0.03927,0.01362,0.00188,0.0052,0.0,0.0,0.18917,0.25304,0.0,0.34897,0.0255,0.0,0.0,0.0,0.0,0.0,0.0,0.0,0.0,0.0,0.0,0.0,0.84363,0.0,0.0,0.0,0.0,0.0,0.0,0.0,0.0,0.0,0.0,0.13506,0.0,0.0,0.0,0.0,0.0,0.0,0.35799,0.0,0.0,0.00878,0.0,0.0,0.0,0.17644,0.0,0.0,0.0,0.0,0.0,0.0,0.0,0.0,0.02178,0.0,0.00228,0.0,0.0,0.0,0.0,1.17674,0.00416,11.55542,0.0,0.0,0.0,0.0,0.0,0.0,0.00677,0.0,0.0,0.0,0.0,0.0,0.0,0.00426,0.0,0.0,0.76272,0.0,0.0,0.0,0.00459,0.0,0.36876,0.0,0.0,0.0,0.0,1.09171,0.0,0.0,0.0,0.0,0.39224,0.0,0.0,0.0,0.00802,0.0,0.0,0.0,0.01985,0.0,0.0,0.0,0.00593,0.0,0.0,0.0,0.0,0.0,0.0,0.00112,1.06773,0.0,0.0,0.0,0.0,0.0,0.0,0.0,0.0,0.0,0.0,0.0,0.0,0.0,0.0,0.0,0.0,0.0,0.0,0.0,0.0,0.0,0.0,0.0,0.0,0.0,0.0,0.0,0.0,0.0,0.0,0.0,0.0,0.0,0.0,0.0,0.0,0.001,0.0,0.0,0.0,1.32334,0.0,1.16772,4.45456,0.0,0.0,0.0,0.0,0.0,0.0,0.0,0.0,0.0,0.04909,0.0,0.0,0.0,0.01981,0.0,0.0,0.0,0.0,0.0,0.0,0.0,0.0,0.0,0.0,0.0,2.08446,0.02195,0.0042,0.0,0.0,0.0,0.0,0.0,0.0,0.0,0.0,0.0,0.0,0.0,0.12655,0.93403,0.0,0.0,0.0,0.0,0.0,0.0,0.0,0.00541,0.0,0.0,0.0,0.0,0.0,0.0,0.0,0.0,0.0,0.0,0.0,0.0,0.0,0.0,0.0,0.0,0.01511,0.01189,0.0,0.0,0.0,0.0,0.0,0.0,0.0,0.0,0.0,0.0,0.0,0.0,0.0,0.0,0.0,0.0,0.0,0.0,9.72721,0.0,0.0,0.10286,0.0,0.0,0.0,0.0,0.0,0.0,0.0,0.0,0.0,0.0,0.0,0.0,0.0,0.0,0.0,0.0,0.0,0.0,0.0,0.0,0.0,0.0,0.0,0.0056,0.0,0.01065,0.0,0.0,0.0,0.0,0.0,0.0,0.0,0.0,0.0,0.0,0.0,0.0,0.0,0.0,0.0,3.67889,0.0,0.0,0.0,0.00082,0.0,0.0,0.0,0.0,0.0,0.0
ERR1620303,0.0163,0.00584,1.12917,0.0,0.0,0.0,0.04675,0.0,0.07629,0.0,0.00715,0.01616,0.0,0.0,0.0,0.0,0.0,0.0,0.0,0.0,0.0,0.0,0.0,0.0,0.0,0.0,0.0,0.0,0.0,0.0,0.0,0.0,0.0,0.0,0.0,0.0,0.0,0.0,0.0,0.0,0.0,12.87759,0.0,0.0,0.0,0.0,0.0,0.0,0.0,0.0,0.0,0.0,0.0,0.0,0.0,3.55026,0.0,0.0,0.0,0.0,0.0,9.81903,14.11693,28.32964,0.0,0.0,0.0,0.0,0.0,0.0,0.02063,0.0,0.0,0.0,0.0,0.0,0.0,0.0,0.0,0.0,0.0,0.0,0.0,0.0,0.0,0.03789,0.0,1.29582,0.0,0.0,0.0,0.0,0.0,0.0,0.0,0.0,0.0,0.0,0.0,0.0,0.0,0.0,0.0,0.00508,2.11652,0.0,0.0,0.0,0.0,0.0,0.0,0.55844,0.0,0.0,0.0,0.0,0.0176,0.00855,0.0,0.0,0.0,0.0,0.0,0.0,2.54102,0.0,0.0,0.0,0.0,0.0,0.0,0.0,0.0,0.0,0.0,0.0,0.0,0.0,0.0,0.0,0.0,0.0,0.0,0.0,0.0,0.0,0.0,0.0,0.0,0.0,0.0,0.0,0.0,0.0,0.0,0.0,0.0,0.0,0.0,0.0,0.0,0.0,0.0,0.0,0.0,0.60933,0.0,4.44801,0.0,0.0,0.0,0.0,0.0,0.0,0.0,0.0,0.0,0.0,0.0,0.0,0.0,0.0,0.0,0.0,0.0,0.0,0.0,0.0,0.0,0.0,0.0,0.0,0.0,0.0,0.0,0.0,0.0,0.0,0.0,0.0,8.20031,0.0,0.0,0.00525,0.0,0.05846,0.0,0.0,0.0,0.0,0.0,0.0,1.82376,0.0,0.0,0.0,0.0,0.01003,0.0,0.0,0.0,0.0,0.0,0.0,0.0,0.0,1.06518,0.08876,0.42199,0.0,0.0,0.0,0.0,0.0,0.0,0.13897,0.0,0.0,0.0,0.0,0.0,0.0,0.0,0.0,0.0,0.0,0.0,0.0,0.0,0.0,0.0,0.0,0.0,0.0,0.0,0.0,0.0,0.0,0.0,0.00911,0.0,0.0,0.0,0.0,0.0,0.0,0.0,0.0,0.0,0.0,0.0,0.0,0.0,0.0,0.0,0.0,0.0,0.0,0.0,0.0,0.0,0.0,0.0,0.0,0.0,0.0,0.0,0.0,0.0,0.0,0.0,0.0,0.0,0.0,0.0,0.0,0.0,0.0,0.0,0.0,0.0,0.0,0.0,0.0,0.0,0.0,0.0,0.0,0.0,0.0,0.0,0.0,0.0,0.0,0.0,0.0,0.0,0.0,0.0,0.0,0.0,0.0,0.0,0.0,0.0,0.0,0.0,0.0,0.0,0.0,0.0,0.0,0.0,0.0,0.0,0.0,0.0,0.0,0.0,0.0,0.0,0.0,0.0,0.0,0.0,0.0,0.00759,0.0,0.0,0.0,0.0,0.0,0.0,0.0,0.0,0.0,0.0,0.0,0.0,0.0,0.0,0.0,0.0,0.0,0.0,0.0,0.0,0.0,0.0,0.0,0.00312,0.0868,0.0,0.0,0.13707,0.0,0.30394,0.0,0.0,0.0,0.00387,0.0,0.0,0.0,0.0,0.0,0.0,0.0,0.0,0.0,0.0,0.0,0.0,0.00071,0.0,0.09552,0.0,0.0,0.0,5.88956,0.0,0.0,0.0,0.0,0.0,0.0
ERR1620304,0.0,0.0,0.0,0.0,0.0,0.0,0.0,0.0,0.0,0.0,0.0,0.0,0.0,0.0,0.0,0.0,0.0,0.00149,14.55618,20.10417,0.0,0.0,0.0,0.00035,0.0,0.0,0.0,0.0,0.0,0.0,0.76115,0.0,0.0,0.0,0.0,0.0,0.0,0.0,0.0,0.0,0.0,0.00369,0.0,0.0,0.0,0.0,0.00014,0.0,0.0,0.0,0.08183,7.56481,0.0,0.0,0.00279,0.064,0.0,0.0,0.0,0.0,0.0,0.03854,0.0301,0.00231,0.0,0.0,0.0,0.0,0.0,0.0,0.0,0.0,0.0,0.0,0.0,0.0,0.0,0.0,0.0,0.0,0.0,0.0,0.39365,0.12106,0.0,0.0,0.0,0.0,0.0,0.0,0.03289,2.16233,0.08546,0.01471,0.05823,0.0,0.11882,0.05128,0.0,0.0,0.0,0.0,0.0,0.0,0.0,0.0,0.0,0.0,0.0,0.0,0.0,0.0,0.0,0.0,0.0,0.0,0.0,0.0,0.0,0.0,0.0,0.0,0.0,0.0,0.0,0.0,0.0,0.0,0.0,0.0,0.0,0.0,0.0,0.0,0.0,0.0,0.0,0.0,0.0,0.0,0.00348,0.0,0.49222,0.0,0.0,0.0,0.0,0.0,0.0,0.0,0.0,0.0,0.0,0.0,0.0,0.45952,0.0,0.0,0.0,0.0,0.0,0.0,0.0,0.0,0.0,0.0,0.0,6.43323,0.0,0.0,0.0,0.0,0.0,0.0,0.0,0.0,0.0,0.0,0.0,0.0,0.0,0.0,0.0,0.0,0.0,0.0,0.0,0.0,0.0,0.0,0.0,0.00069,0.0,0.0,0.0,0.0,0.02482,0.0,0.02524,0.0,0.0,0.0,0.0,0.0,0.0,0.0,0.0,0.0,0.0,0.0,0.0,0.0,0.0,0.0,0.0,0.0,0.0,0.0,0.0,0.0,0.0,0.0,0.0,0.0,0.33911,0.50946,0.78427,0.6701,0.18222,0.00459,0.0,0.01311,0.0,0.0,0.0,0.0,0.0,0.0,0.0,0.0,0.0,0.0,0.0,0.0,0.0,0.0,0.0,0.0,0.0,0.0,0.0,0.0,0.0,0.0,0.0,0.0,0.0,0.0,0.0,0.0,0.00052,0.0,0.0,0.0,0.0,0.0,0.0,0.00735,0.0,0.0,0.0,0.0,0.0,0.0,0.45465,0.0,0.0,0.0,0.23875,0.0,0.0,0.0,0.0,0.0,0.0,0.0,0.0,0.0,0.0,0.0,2.52985,0.0,0.0,0.0,0.02692,0.0,0.0,0.0,0.0,0.0,0.0,0.0,0.0,0.0,0.0,0.51398,0.0,0.0,0.0,0.00306,0.0,0.0,0.0,0.0,0.00853,0.0,0.0,0.0,0.0,0.01707,0.0,0.0,0.0,0.0,0.0,0.0,0.0,0.0,0.0,0.0,0.02426,0.0,0.00293,0.00494,0.0,0.17323,0.0,0.0,39.34593,0.45596,0.0,0.0,0.0,0.0,0.0,0.0,0.0,0.0,0.0,0.0,0.0,0.0,0.0,0.0,0.0,0.0,0.0,0.0,0.0,0.0,0.0,0.0,0.0,0.0,0.0,0.0,0.0,0.0,0.0,0.0,0.0,0.0,0.0,0.0,0.0,0.0,0.0,0.0,0.0,0.0,0.0,0.0,0.0,0.0,0.0,0.0,0.0,0.0,0.0,0.0,0.0,0.0,0.0,0.0,0.0,0.0,0.0,0.0,0.0,0.0,0.0,0.0,0.0,0.0,0.0,0.0
ERR1620306,0.0,0.0,0.0,0.0,0.0,0.0,0.0,0.0,0.0,0.0,0.0,0.0,0.0,0.0,0.0,0.0,0.0,0.0,0.00026,0.0,0.0,0.0,0.0,0.0,0.0,0.0,0.0,0.0,0.0,0.0,0.0,0.0,0.0,0.0,0.0,0.0,0.0,0.0,0.0,0.0,0.0,31.86949,0.0,0.0,0.0,0.0,20.12448,0.0,0.0,0.0,0.0,17.69533,0.0,0.0,0.0,0.00174,0.0,0.0,0.0,0.0,0.00256,0.0,0.0,0.00675,0.0,0.0,0.0,0.0,0.0,0.0,0.0,0.0,0.0,0.0,0.02781,0.04245,0.0,0.0,0.0,0.0,0.0,0.0,0.0,0.0,0.0,0.0,0.0,0.0,0.0,0.0,0.0,0.0,0.0,0.0,0.0,0.0,0.0,0.0,0.0,0.0,0.0,0.0,0.04404,0.7779,0.0,0.0,0.0,0.0,0.0,0.0,0.0,0.0561,0.0,0.0,0.0,0.12423,0.0,0.0,0.00121,0.0,0.0,0.0,0.0,0.0,0.0,0.0,0.0,0.0,0.0,0.0,0.0,0.0,0.0,0.0,0.0,0.0,0.0,0.0,0.0,0.0,0.0,0.0,0.0,0.0,0.0,0.0,0.0,0.0,0.0,0.0118,0.0,0.0,0.0,0.0,0.0,0.0,0.0,0.0,0.0,0.0,0.0,0.0,0.0,0.01216,0.0,0.24266,0.0,2.36377,0.0,0.0,0.0,0.0,0.0,0.0,0.0,0.0,0.0,0.0,0.0,0.0,0.0,0.0,0.0,0.0,0.0,0.0,0.0,0.0,0.0,0.0,2.28898,0.0,0.0,0.0,0.0,0.0,0.0,0.0,0.0,0.0,0.0,0.0,0.0,0.0,0.0,0.0,0.0,0.0,0.00096,0.0,0.0,0.0,0.0,0.0,0.0,0.0,0.0,0.0,0.0,0.0,0.0,0.0,0.0,0.0,0.0,0.0,0.45465,0.05972,0.52788,0.0,0.0,0.0,0.0,0.0,0.0,0.0,0.03055,0.0,0.0,0.0,0.0,0.0,0.0,0.0,0.0,0.0,0.0,0.0,0.0,0.0,0.0,0.0,0.0,0.0,0.0,0.0,0.0,0.0,0.0,0.0,0.0,0.0,0.0,0.0,0.0,0.0,0.0,0.0,0.0,0.0,0.0,0.0,0.0,0.0,0.05527,0.0,0.0,0.0,0.0,0.0,0.0,0.0,0.0,0.0,0.0,0.0,0.0,0.0,0.0,0.0,18.0641,0.0,0.0,0.0,0.0,0.0,0.0,0.9071,0.0,0.0,0.0,0.0,0.0,0.0,0.0,0.0,0.0,0.0,0.0,0.0,0.0,0.0,0.0,0.0,0.0,0.0,0.0,0.0,0.0,0.0,0.0,0.0,0.0,0.0,0.0,0.0,0.0,0.0,0.0,1.65267,0.0,0.0,0.0,0.0,0.0,0.0,0.0,0.0,0.00037,0.0,0.0,0.0,1.11405,0.0,0.0,0.0,0.0,0.0,0.0,0.0,0.0,0.0,0.0,0.0,0.0,0.0,0.0,0.0,0.0,0.0,0.0,0.0,0.0,0.0,0.0,0.0,0.0,0.0,0.0,0.0,0.0,0.0,0.0,0.0,0.0,0.0,0.0,0.0,0.0,0.0,0.0,0.0,0.0,0.0,0.0,0.0,0.0,0.0,0.0,0.0,0.0,0.0589,0.0,0.0,0.11451,0.0,0.0,0.0,0.0,1.26558,0.0,0.0,0.0,0.0,0.0,0.0
ERR1620308,0.0,0.0,0.0,0.0,0.0,0.0,0.0,0.0,0.0,0.00044,0.0,0.0,0.0,0.0,0.0,0.0,0.0,0.0,0.0,0.0,0.0,0.0,0.0,0.0,0.0,0.0,0.0,0.0,0.0,0.0,0.00727,0.0,0.0,0.00567,0.0,0.0,0.0,0.0,0.0,0.0,0.0,0.48358,0.0,0.0,4.74666,0.0,0.05957,0.0,0.0,0.0,0.0,0.09341,0.0,0.0,0.0,7.91182,12.78228,0.0,0.0,0.0,14.3365,0.0,5.82069,27.80248,0.0,0.0,0.0,0.0,0.0,0.0,0.0,0.0,0.0,0.13635,0.0,0.0,0.0,0.0,0.0,0.01868,0.0,0.0,0.0,0.0,0.0,0.0,0.0,0.0,0.0,0.0,0.0,0.0,0.00476,0.0,0.00213,0.02004,0.0,0.0113,0.0,0.0,0.0,0.0,0.0,0.0,0.0,1.61122,0.17612,0.0,0.48085,0.0,0.0,0.07466,0.0,0.0,0.0,0.0,0.0,0.0,0.0,0.0,0.0,0.0,0.0,0.0,0.63717,0.0,0.0,0.0,0.0,0.0,0.0,0.0,0.0,0.0,0.0,0.0,0.0,0.0,0.0,0.0,0.0,0.0,0.0,0.0,0.0,0.0,0.0,0.0,0.0,0.0,0.0,0.0,0.0,0.0,0.0,0.0,0.0,0.0,0.0,0.05566,0.0,0.0,0.0,0.0,0.0,0.18225,0.0,3.32988,0.0,0.0,0.0,0.0,0.0,0.0,0.0,0.0,0.0,0.0,0.0,0.0,0.0,0.0,0.0,0.0,0.0,0.0,0.0,0.00278,0.0,0.0,0.09605,0.0,0.0,0.0,0.0,3.47906,0.0,0.0,0.0,0.04698,0.22019,0.0,0.0,0.0,0.0,0.0,0.0,0.0,0.0,0.0,0.0,0.0,0.0,0.0,0.0,0.0,0.0,0.0,0.0,0.0,0.66378,0.00691,0.0,0.0,0.0,0.0,6.67721,0.62528,1.02909,0.0,0.0,0.0,0.0,0.0,0.0,0.0,0.0,0.0,0.0,0.0,0.0,0.0,0.0,0.0,0.0,0.0,0.0,0.0,0.0,0.0,0.0,0.0,0.0,0.0,0.0,0.0,0.0,0.0,0.0,0.0,0.0,0.04604,0.0,0.11988,0.05682,0.0,0.0,0.0,0.0,0.0,0.0,0.0,0.0,0.0,0.0,0.0,0.0,0.0,0.0,0.0,0.0,0.0,0.0,0.0,0.0,0.0,0.0,0.0,0.0,0.0,3.32032,0.0,0.0,0.0,0.1743,0.0,0.0,0.0,0.0,0.0,0.0,0.0,0.0,0.0,0.0,1.56986,0.0,0.0,0.0,0.0,0.0,0.0,0.0,0.0,0.0,0.0,0.0,0.0,0.0,0.0,0.0,0.0,0.0,0.0,0.0,0.0,0.0,0.0,0.0,0.0,0.0,0.0,0.0,0.0,0.0,0.0,0.0,0.0,0.00022,0.0,0.0,0.0,0.0,0.0,0.0,0.0,0.0,0.0,0.0,0.0,0.87369,0.0,0.0,0.0,0.0,0.0,0.0,0.0,0.0,0.0,0.0,0.0,0.0,0.0,0.0,0.0,0.0,0.0,0.0,0.0,0.0,0.0,0.0,0.0,0.0,0.0,0.0,0.0,0.0,0.0134,0.0,0.0,0.0,0.0,0.0,0.0,0.0,0.0,0.0,0.0,0.145,0.0,0.0,0.0,0.0,0.02321,0.0,0.0,0.0,0.01853,0.0,0.0,0.0,0.0,0.0,0.0
ERR1620313,0.0,0.0,0.0,0.0,0.0,0.0,0.0,0.0,0.0,0.0,0.0,0.0,0.0,0.0,0.0,0.0,0.0,0.0,7.09531,0.0,0.0,0.0,0.00407,0.0,0.0,0.0,0.0,0.0,0.0,0.0,0.0,0.0,0.0,0.0,0.0,0.0,0.0,0.0,0.0,0.0,0.0,0.0,0.0,0.0,0.0,0.0,0.0,0.0,0.0,0.0,0.0,18.67401,0.0,0.0,0.0,0.97344,2.43493,0.0,0.0,0.0,0.86776,0.36588,0.03711,0.11515,0.0,0.0,0.0,0.0,0.0,0.0,0.0,0.0,0.0,0.0,0.0,0.0,0.0,0.0,0.0,0.0,0.0,0.0,0.0,0.0,0.0,0.0,0.0,0.0,0.0,0.0,0.0,0.0,0.0,0.0,0.0,0.0,0.0,0.0,0.0,0.0,0.0,0.0,0.91117,0.0,0.0,0.0,0.0,0.0,0.0,0.0,0.0,0.0,0.0,0.0,0.0,0.0,0.0,0.0,0.0,0.0,0.0,0.0,0.0,0.0,5.83445,0.0,0.0,0.0,0.0,0.0,0.0,0.0,0.0,0.0,0.0,0.0,0.0,0.0,0.0,0.0,0.0,0.0,0.0,0.0,0.0,0.0,0.0,0.0,0.0,0.0,0.0,0.0,0.0,0.0,0.0,0.0,0.0,0.0,0.0,0.0,0.0,0.52659,0.01172,0.0,0.0,4.76744,0.0,50.93562,0.0,0.0,0.0,0.0,0.0,0.0,0.0,0.0,0.0,0.0,0.0,0.0,0.0,0.0,0.0,0.0,0.0,0.0,0.0,0.0,0.0,0.0,3.49313,0.0,0.0,0.0,0.0,0.0,0.0,0.0,0.0,0.0,0.0,0.0,0.0,0.0,0.0,0.0,0.0,0.0,0.0,0.0,0.0,0.0,0.0,0.0,0.0,0.0,0.0,0.0,0.0,0.0,0.0,0.0,0.0,0.0,0.0,0.0,0.0,0.0,0.0,0.0,0.0,0.0,0.0,0.0,0.0,0.0,0.0,0.0,0.0,0.0,0.0,0.0,0.0,0.0,0.0,0.0,0.0,0.0,0.0,0.0,0.0,0.0,0.0,0.0,0.0,0.0,0.0,0.0,0.0,0.0,0.0,0.03876,0.0,0.0,0.0,0.0,0.0,0.0,0.0,0.0,0.0,0.0,0.0,0.0,0.0,0.0,0.0,0.0,0.0,0.0,0.0,0.0,0.0,0.0,0.0,0.0,0.0,0.0,0.0,0.0,1.71292,0.0,0.0,0.0,0.0,0.0,0.0,0.0,0.0,0.0,0.0,0.0,0.0,0.0,0.0,0.38991,0.0,0.0,0.0,0.0,0.0,0.0,0.0,0.0,0.0,0.0,0.0,0.0,0.0,0.0,0.0,0.0,0.0,0.0,0.0,0.0,0.0,0.0,0.0,0.0,0.0,0.0,0.0,0.0,0.0,0.0,0.0,0.0,0.0,0.0,0.0,0.0,0.0,0.0,0.0,0.0,0.0,0.0,0.0,0.0,0.81063,0.0,0.0,0.0,0.0,0.0,0.0,0.0,0.0,0.0,0.0,0.0,0.0,0.0,0.0,0.0,0.0,0.0,0.0,0.0,0.0,0.0,0.0,0.0,0.0,0.0,0.0,0.0,0.0,0.0,0.0,0.0,0.0,0.0,0.0,0.0,0.0,0.0,0.0,0.0,0.0,0.0,0.0,0.0,0.0,0.0,0.0,0.0,0.0,0.0,0.0,0.0,0.0,0.0,0.0,0.0
ERR1620315,0.0,0.0,0.0,0.0,0.0,0.0,0.00198,0.0,0.00018,0.00308,0.0,0.0,0.0,0.0,0.0,0.0,0.0,0.0,0.59435,3.26228,0.23867,0.0,2.2575,0.0,0.0,0.0,0.02673,0.0,0.0,0.0,0.0,0.0,0.0,0.0,0.0,0.0,0.0,0.0,0.00109,0.0,0.002,2.90292,0.07097,0.01582,0.37757,0.0,0.0,0.0,0.0,0.0,1.85566,0.2065,0.0,0.0,0.0,0.39367,0.27684,0.12957,0.0,0.0,7.26426,1.2865,2.23758,10.45057,0.85162,0.0,0.0,0.0,0.0,0.0,0.11488,0.0,0.03335,0.19777,0.00082,0.0,0.0,0.0,0.0,0.0018,0.0,0.0,0.0,0.0,0.0,0.0,0.0,0.0,0.0,1.21266,0.0,0.0,0.01079,0.0,0.0,0.05763,0.16388,0.06073,0.0,0.0,0.0,0.0,0.60894,0.27303,0.0,3.55406,0.54871,0.01079,0.15215,0.38354,0.0,0.12914,0.42188,0.0,0.0,0.00084,0.02924,0.05267,0.0,0.0,0.0,0.0,0.0,0.0,7.37869,0.0,0.0,0.97814,0.0,0.00345,0.00953,0.0,0.28325,0.0,0.0,0.0,0.0,0.0,0.40854,0.0,0.0,0.0,0.0,0.0,0.0,0.0,0.0,0.0,0.0,0.14941,0.0,0.0,0.16335,0.03755,0.03557,0.00959,0.00266,0.0,0.0,0.0,0.0,0.0,0.0,0.0,0.0,0.56242,0.0,1.58169,0.0,0.0,0.0,0.00018,0.0,0.0,0.0,0.0,0.0,0.0,0.0,0.0,0.0,0.0,0.0,0.0,0.0,0.0,0.0,0.0,0.0,0.0,2.04502,0.0,0.0,0.0,0.0,21.30888,0.00443,0.0,0.0,0.0,0.74007,0.0,0.0,0.00157,0.0,0.06715,0.0,0.0,0.01714,0.0,0.0,0.0,0.0,0.0,0.0,0.0,0.0,0.0,0.0,0.0,0.55076,0.0,0.0,0.0,0.0,0.0,2.61138,1.52232,1.54343,0.00606,0.0,0.0,0.0,0.0,0.0,0.0,0.0,0.0,0.0,0.0,0.0,0.0,0.11842,0.0,0.0,0.25984,0.0,0.0,0.0,0.0,0.0,0.0,0.0,0.0,0.0,0.0,0.0,0.0,0.0,0.0,0.0,1.63675,0.0,0.5804,0.0,0.0,0.0,0.0,0.0,0.0,0.0,0.0,0.0,0.00829,0.0,0.0,0.0,0.0,0.34851,0.0,0.0,0.0,0.0,0.0,0.0,0.0,0.0,0.0,0.0,0.0,0.71769,0.0,0.0,0.00839,0.50912,0.09279,0.15828,0.49116,0.0,0.0,0.0,0.0,0.0,0.0,0.0,2.9497,0.0,0.0,0.0,0.0,0.0,0.0,0.0,0.0,0.0,0.0,0.0,0.0,0.0,0.0,0.0,0.0,0.0,0.0,0.0,0.0,0.0,0.0,0.0,0.03714,0.0,0.0,0.0,0.0,0.0,0.0,0.0,0.0,0.0,0.0,0.0,0.0,0.0,0.0,0.0,0.0,0.0,0.0,0.0,0.0,2.73335,0.0,0.0,1.02803,0.0,0.0,0.0,0.0,0.0,0.0,0.0,0.00248,0.0,0.0,0.0,0.49007,0.0069,0.0,0.0,0.08642,0.0,0.00468,0.0,0.0,0.00332,0.0,0.02487,1.26534,0.0,1.40776,0.0,0.0,0.0,0.0,0.0,0.0,0.0,0.0,0.0,0.0,0.0,0.0,0.0,0.0,0.01548,0.0,0.00888,0.0,0.00065,0.25492,0.0,0.0,0.0,0.0009,0.0,0.0
ERR1620316,0.0,0.0,0.0,0.0,0.0,0.0,0.00047,0.00324,0.00114,0.00285,0.0,0.0,0.0,0.0,0.00067,0.0,0.0,0.0,0.00457,0.0,0.04118,0.0,13.17005,0.0,0.0,0.0,0.0,0.0,0.0,0.0,0.0,0.0,0.0,0.0,0.06052,2.87134,0.0,0.0,0.0,0.0,0.0,0.0,0.11862,0.0,0.0,0.0,0.0,0.0,0.0,0.0,0.0,0.06913,0.01829,0.0,0.0,1.05006,0.00824,0.0,0.0,0.0,0.0,9.63863,1.26272,9.89284,0.12147,0.0,0.0,0.0,0.0,0.0,0.0,0.0,0.0,0.06778,0.19726,0.0,0.0,0.0,0.0,4.9135,0.0,0.0,0.0,0.62933,0.0,0.0,0.0,0.02132,0.0,0.54478,0.0,0.0,0.0,0.0,0.0,0.0,0.0,0.0,0.0,0.0,0.05641,0.0,0.0,0.0094,0.02416,1.88757,0.0,0.0,0.03984,0.10682,0.0,1.43102,0.2368,0.0,0.0,0.0,0.0,0.17879,0.0,0.0,0.0,0.0,0.0,0.0,1.04366,0.0,0.0,0.0,0.0,0.0,0.0,0.0,0.0,0.0,0.0,0.0,0.0,0.0,0.0,0.0,0.0,0.0,0.0,0.0,0.0,0.0,0.0,0.0,0.0,1.29993,0.0,0.0,0.0,0.38509,0.0,0.0,0.0,0.0,0.0,0.0,0.0,0.0,0.0,0.0,0.00201,0.58948,0.0,0.1936,0.0,0.0,0.0,0.0,0.0,0.0,0.04005,0.0,0.0,0.0,0.0,0.0,0.0,0.0,0.0,0.0,0.0,0.0,0.0,0.0,0.0,0.0,3.88029,0.0,0.0,0.0,0.0,0.5665,0.0,0.0,0.0,0.0,1.12029,0.0,0.0,0.0,0.01173,0.0,0.0,0.0,0.17667,0.0,0.0,0.0,0.0156,0.0,0.0,0.0,0.0,0.0,0.0,0.0,0.84439,0.0,0.0,0.0,0.0,0.0,0.0,0.0,0.0,0.0,0.0,0.0,0.0,0.0,0.0,0.0,0.0,0.0,0.0,0.0,0.0,0.0,0.0,0.0,0.0,0.0,0.0,0.0,0.0,0.0,0.0,0.0,0.0,0.0,0.0,0.0,0.0,0.0,0.0,0.00452,0.0,0.01621,0.00098,0.02024,0.13224,0.0,0.0,0.0,0.0,0.0,0.0,0.0,0.0,0.0,0.0,0.0,0.0,0.0,0.0,0.0,0.0,0.0,0.0,0.0,0.0,0.0,0.0,0.0,0.0,0.0,3.02846,0.0,0.16245,0.0,0.0,0.0,0.0,0.0,0.0,0.0,0.0,0.0,0.0,0.0,0.00112,1.88945,0.0,0.0,0.0,0.0,0.0,0.0,0.0,0.0,0.0,0.0,0.0,0.0,0.0,0.0,0.0,0.0,0.0,0.0,0.0,0.0,0.0,0.0,0.0,0.0,0.0,0.0,0.0,0.0,0.0,0.0,0.0,0.0,0.0,0.0,0.0,0.0,0.0,0.0,0.0,0.0,0.0,0.0,0.0,0.0,25.3921,0.0,0.0,4.90479,0.0,0.0,0.0,0.0,0.0,0.0,0.0,0.0,0.0,0.0,0.0,0.00542,0.0,0.0,0.0,0.0,0.0,0.0,0.0,0.00239,0.0003,0.0,0.0,0.07079,0.0,0.35271,0.00971,0.0,0.0,0.0,0.0,0.0,0.0,0.0,0.00482,0.0,0.0,0.0,0.0,0.0,0.0,5.14128,0.00921,0.0,0.0,0.00069,0.0,0.0,0.0,0.0,0.0,0.0
ERR1620318,0.0,0.0,0.0,0.0,0.0,0.0,0.0,0.0,0.0,0.0,0.0,0.0,0.0,0.0,0.0,0.0,0.00758,0.0,0.00164,0.16959,0.04875,0.0,21.91765,1.20784,0.0,0.0,0.0,0.0,0.0,0.0,0.0,0.0,0.0,0.0,0.01269,0.0,0.0059,0.0,0.0,0.0,0.0,8.38792,0.01046,0.00526,0.0,0.0,0.00383,0.4951,0.00068,0.0,0.5487,0.12668,0.0,1.93597,0.01437,0.0,0.00327,0.0,0.0,0.05032,0.07893,1.48473,3.26075,31.70566,2.72503,0.0,0.0,0.0,0.0,0.0,0.0,0.0,0.0,0.21221,0.0,0.0,0.00173,0.0,0.0,0.33781,0.0,0.0,0.00589,6.00656,0.0,0.0,0.0,0.0,0.0,0.0,0.0,0.0,0.0,0.0,0.0,0.0,0.0,0.0,0.0,0.0,0.00703,0.0,0.0,0.00513,0.02104,0.01676,0.00068,0.0,0.03939,0.0,0.0,0.02108,0.00201,0.0,0.0,0.0,0.0,0.0,0.0,0.04024,0.00312,0.0,0.0,0.0,0.05573,0.0,0.0,0.00186,0.00372,0.0,0.00161,0.0,0.0,0.0,0.00433,0.01674,0.0,0.0,0.0,0.0,0.0,0.0,0.00538,0.0,0.0,0.09591,0.17153,0.19554,0.0,0.02439,0.0,0.0,0.0,0.002,0.0,0.0,0.0,0.0,0.0,0.0,0.0,0.0,0.0,0.0,0.0,0.0,0.0,0.66404,0.0,0.0,0.0,0.0,0.04628,0.0,0.0,0.0439,0.0,0.0,0.0,0.0,0.0,0.0,0.0,0.0,1.64767,0.0,0.0,0.0,0.21881,0.0,1.2578,0.0,0.02057,0.0,0.0,0.0,0.0,0.0,0.0,0.0,0.0,0.0,0.0,0.0,0.0,0.0,0.01161,0.0,0.0025,0.0,0.0,0.0,0.0,0.0,0.0,0.0,0.0,0.00118,0.0,0.0,0.02583,0.0,0.11006,0.0,0.0,0.0,0.0,0.0,0.0,0.0,0.0,0.0,0.0,0.0,0.0,0.0,0.0,0.0,0.0,0.0,0.0,0.0,0.0,0.0,0.0,0.0,0.0,0.0,0.0,0.0,0.0,0.0,0.0,0.0,0.0,0.0,0.0,0.0,0.0,0.0,0.0,0.0,0.0,0.0,0.0,0.0,0.0,0.0,0.0,0.0,0.0,0.0,0.0,0.0,0.0,0.0,0.0,0.0,6.3068,0.0,0.0,0.0,0.0,0.0,0.0,2.44657,0.0723,0.0,0.0,0.00163,1.18048,0.00667,0.0,0.0,0.14628,0.0,0.0,1.43859,0.0,0.0104,0.0,0.0,0.0,0.0,0.0,0.01473,1.96119,0.0,0.0,0.0,0.0,0.0,0.0,0.0,0.0,0.0,0.0,0.0,0.0,0.0,0.0,0.0,0.0,0.0,0.0,0.0,0.0,0.0,0.0,0.07197,0.0,0.0,0.0,0.0,0.0,0.0,0.0,0.0,0.0,0.0,0.0,0.0,0.00131,0.0,0.0,0.0,0.0,0.01786,0.0,0.0,0.61599,0.0,0.0,0.06432,0.0,0.0,0.0,0.0,0.0,0.0,0.0,0.0,0.0,0.0,0.0,0.0,0.0,0.0,0.0,0.0,0.0,0.0,0.0,0.0,0.0,0.0,0.0,0.0,0.0,0.0,0.0,0.0,0.0,0.0,0.0,0.0,0.0,0.0,0.0,0.0,0.0,0.0,0.0,0.0,0.07973,0.00421,0.0,0.0,0.0,0.0,0.0,0.0,0.0,0.0,0.0,0.0
ERR1620320,0.0,0.0,0.0,0.0,0.0,0.0,0.0,0.0,0.0,0.0,0.0,0.0,0.0,0.0,0.0,0.0,0.10993,0.0,0.00094,0.0,0.04983,0.0,0.0049,0.0,0.07235,0.0,0.0,0.0,0.0,0.0,0.0,1.3435,0.02088,0.0,0.0,0.07185,0.07448,0.0,0.0,0.0,0.0,0.0,0.0,0.0,0.0,0.0,0.0,0.0,0.0,0.0,0.0,24.59736,0.0,0.0,0.0,0.0,20.00617,0.0,0.0,0.0,0.0,0.0,0.0,0.0088,0.0,0.0,0.44017,0.0,0.0,0.14123,0.0,0.22221,0.0,0.0,0.0,0.0,0.0,0.0,0.0,0.11878,0.0,0.0,0.0,0.0,0.6134,0.0,0.0,0.01007,0.0,0.0,0.0,0.0,0.0,0.0,0.0,0.0,0.0,0.0,0.0,0.0,0.0,0.00685,0.0,0.16251,0.0,1.28876,0.10022,0.0,0.33963,0.0,0.0,5.95222,0.0,0.0,0.0,0.0,0.0,0.0,0.0,0.0,0.0,0.0,0.35865,0.0,1.85811,0.0,0.69827,0.00378,0.00045,0.00972,0.00364,0.06401,0.0,0.0,0.0,0.0,0.0,0.0,0.5479,0.0,0.0,0.0,0.0,0.0,0.0,0.0,0.0,0.0,1.14136,0.0,0.0,0.0,0.0,0.0,0.00911,0.0,0.0,0.0,0.0,0.0,0.0,0.0,0.0,0.0,0.0,1.0434,0.0,0.23917,0.0,0.0,0.00267,0.0,0.0,0.0,0.1493,0.0,0.0,0.0,0.0,0.0,0.0,0.0,0.0,0.0,0.0,0.0,0.84656,0.0,0.0,0.0483,3.1014,0.0,0.0,0.0,0.0,6.84018,0.0,0.0,0.0,0.0,0.0,0.0,0.0,0.0,0.0,0.0,0.0,0.0,0.0,0.0,0.0,0.0,0.0,0.0,0.0,0.0,0.0,0.09993,0.0,0.0,0.0,0.0,0.03489,0.0,0.0,0.0,0.0,0.0,0.0,0.0,0.0,0.0,0.0,0.0,0.0,0.0,0.0,0.0,0.0,0.0,0.0,0.0,0.0,0.0,0.0,0.0,0.0,0.0,0.0,0.0,0.0,0.0,0.0,0.0,0.0,0.0,0.0,0.0,0.0,0.0,0.0,0.0,0.0,0.0,0.0,0.0,0.0,0.0,0.0,0.0,0.0,0.0,0.0,0.0,0.0,0.0,0.0,0.0,0.0,0.0,0.0,0.0,0.0,0.0,0.0,0.0,0.0,0.0,0.0,0.0,9.87147,0.0,0.0,0.0,0.0,0.0,0.0,0.26235,0.0,0.0,0.0,0.0,0.0,0.0,0.0,1.18267,0.0,0.0,0.0,0.0,0.0,0.0,0.0,0.0,0.0,0.0,0.0,0.0,0.0,0.0,0.0,0.0,0.0,0.0,0.0,0.0,0.0,0.0,0.0,4.00764,0.0,0.0,0.0,0.0,0.0,0.0,0.0,0.0,0.0,0.0,0.0,0.0,0.0,0.0,0.0,0.0,0.0,0.0,0.0,0.0,11.11254,0.0,0.0,0.6426,0.0,0.0,0.0,0.0,0.0,0.0,0.00042,0.0,0.0,0.0,0.0,0.00149,0.0,0.0,0.0,0.00057,0.0,0.0,0.0,0.0,0.0,0.0,0.0,0.0,0.0,0.01903,0.00418,0.0,0.0,0.0,0.0,0.0,0.0,0.0,0.0,0.0,0.0,0.0,0.0,0.0,0.03564,0.00155,0.0,0.0,0.0,0.0,0.0,0.0,0.0,0.0,0.0,0.0
