sample_id,species:Absiella dolichum,species:Acidaminococcus sp CAG 542,species:Acinetobacter johnsonii,species:Acinetobacter rudis,species:Actinobaculum sp oral taxon 183,species:Actinomyces cardiffensis,species:Actinomyces graevenitzii,species:Actinomyces odontolyticus,species:Actinomyces oris,species:Actinomyces sp HMSC035G02,species:Actinomyces sp HPA0247,species:Actinomyces sp ICM47,species:Actinomyces sp S6 Spd3,species:Actinomyces sp oral taxon 180,species:Actinomyces sp oral taxon 181,species:Adlercreutzia equolifaciens,species:Aeromonas allosaccharophila,species:Aeromonas caviae,species:Aeromonas media,species:Aeromonas veronii,species:Agathobaculum butyriciproducens,species:Aggregatibacter segnis,species:Akkermansia muciniphila,species:Alistipes finegoldii,species:Alistipes indistinctus,species:Alistipes inops,species:Alistipes onderdonkii,species:Alistipes putredinis,species:Alistipes shahii,species:Allisonella histaminiformans,species:Anaeroglobus geminatus,species:Anaeromassilibacillus sp An250,species:Anaerostipes caccae,species:Anaerostipes hadrus,species:Anaerotignum lactatifermentans,species:Anaerotruncus colihominis,species:Asaccharobacter celatus,species:Atlantibacter hermannii,species:Atopobium parvulum,species:Atopobium rimae,species:Bacteroides caccae,species:Bacteroides cellulosilyticus,species:Bacteroides clarus,species:Bacteroides coprocola,species:Bacteroides coprophilus,species:Bacteroides coprosuis,species:Bacteroides dorei,species:Bacteroides eggerthii,species:Bacteroides finegoldii,species:Bacteroides fluxus,species:Bacteroides fragilis,species:Bacteroides galacturonicus,species:Bacteroides intestinalis,species:Bacteroides massiliensis,species:Bacteroides nordii,species:Bacteroides oleiciplenus,species:Bacteroides ovatus,species:Bacteroides plebeius,species:Bacteroides salyersiae,species:Bacteroides sp CAG 144,species:Bacteroides sp D2,species:Bacteroides stercorirosoris,species:Bacteroides stercoris,species:Bacteroides thetaiotaomicron,species:Bacteroides uniformis,species:Bacteroides vulgatus,species:Bacteroides xylanisolvens,species:Barnesiella intestinihominis,species:Bifidobacterium adolescentis,species:Bifidobacterium dentium,species:Bifidobacterium longum,species:Bifidobacterium pseudocatenulatum,species:Bifidobacterium pseudolongum,species:Bilophila wadsworthia,species:Blautia coccoides,species:Blautia hansenii,species:Blautia hydrogenotrophica,species:Blautia obeum,species:Blautia producta,species:Blautia sp CAG 257,species:Blautia sp N6H1 15,species:Blautia wexlerae,species:Brevundimonas vesicularis,species:Bulleidia extructa,species:Butyricicoccus pullicaecorum,species:Butyricimonas synergistica,species:Butyricimonas virosa,species:Butyrivibrio crossotus,species:Butyrivibrio sp CAG 318,species:Campylobacter concisus,species:Campylobacter gracilis,species:Campylobacter jejuni,species:Campylobacter showae,species:Candida albicans,species:Catabacter hongkongensis,species:Catenibacterium mitsuokai,species:Cetobacterium somerae,species:Christensenella minuta,species:Citrobacter amalonaticus,species:Citrobacter braakii,species:Citrobacter europaeus,species:Citrobacter freundii,species:Citrobacter pasteurii,species:Citrobacter portucalensis,species:Citrobacter werkmanii,species:Citrobacter youngae,species:Clavibacter michiganensis,species:Cloacibacillus evryensis,species:Cloacibacillus porcorum,species:Clostridiales bacterium CHKCI006,species:Clostridioides difficile,species:Clostridium aldenense,species:Clostridium asparagiforme,species:Clostridium bolteae,species:Clostridium bolteae CAG 59,species:Clostridium celatum,species:Clostridium citroniae,species:Clostridium clostridioforme,species:Clostridium disporicum,species:Clostridium hiranonis,species:Clostridium hylemonae,species:Clostridium innocuum,species:Clostridium lavalense,species:Clostridium leptum,species:Clostridium methylpentosum,species:Clostridium perfringens,species:Clostridium scindens,species:Clostridium sp 7 2 43FAA,species:Clostridium sp CAG 167,species:Clostridium sp CAG 242,species:Clostridium sp CAG 253,species:Clostridium sp CAG 299,species:Clostridium sp CAG 413,species:Clostridium sp CAG 510,species:Clostridium sp CAG 58,species:Clostridium sp D5,species:Clostridium spiroforme,species:Clostridium symbiosum,species:Collinsella aerofaciens,species:Collinsella intestinalis,species:Collinsella stercoris,species:Comamonas kerstersii,species:Coprobacillus cateniformis,species:Coprobacter fastidiosus,species:Coprobacter secundus,species:Coprococcus catus,species:Coprococcus comes,species:Coprococcus eutactus,species:Corynebacterium argentoratense,species:Cronobacter malonaticus,species:Desulfovibrio piger,species:Desulfovibrionaceae bacterium,species:Dialister invisus,species:Dialister sp CAG 357,species:Dielma fastidiosa,species:Dorea formicigenerans,species:Dorea longicatena,species:Dorea sp CAG 317,species:Eggerthella lenta,species:Eisenbergiella massiliensis,species:Eisenbergiella tayi,species:Enorma massiliensis,species:Enterobacter bugandensis,species:Enterobacter cloacae complex,species:Enterobacter mori,species:Enterococcus avium,species:Enterococcus casseliflavus,species:Enterococcus faecalis,species:Enterococcus faecium,species:Enterococcus gallinarum,species:Enterococcus hirae,species:Enterococcus thailandicus,species:Enterorhabdus caecimuris,species:Erwinia billingiae,species:Erysipelatoclostridium ramosum,species:Erysipelothrix larvae,species:Escherichia coli,species:Escherichia fergusonii,species:Eubacterium dolichum CAG 375,species:Eubacterium eligens,species:Eubacterium hallii,species:Eubacterium infirmum,species:Eubacterium ramulus,species:Eubacterium rectale,species:Eubacterium siraeum,species:Eubacterium sp CAG 180,species:Eubacterium sp CAG 251,species:Eubacterium sp CAG 274,species:Eubacterium sp CAG 38,species:Eubacterium sp OM08 24,species:Eubacterium sulci,species:Eubacterium ventriosum,species:Faecalibacterium prausnitzii,species:Faecalicoccus pleomorphus,species:Firmicutes bacterium CAG 110,species:Firmicutes bacterium CAG 145,species:Firmicutes bacterium CAG 170,species:Firmicutes bacterium CAG 238,species:Firmicutes bacterium CAG 424,species:Firmicutes bacterium CAG 534,species:Firmicutes bacterium CAG 83,species:Firmicutes bacterium CAG 95,species:Flavonifractor plautii,species:Flavonifractor sp An100,species:Franconibacter helveticus,species:Fretibacterium fastidiosum,species:Fusicatenibacter saccharivorans,species:Fusobacterium mortiferum,species:Fusobacterium ulcerans,species:Fusobacterium varium,species:Gemella haemolysans,species:Gemella morbillorum,species:Gemella sanguinis,species:Gemmiger formicilis,species:Gordonibacter pamelaeae,species:Haemophilus parainfluenzae,species:Haemophilus sp HMSC71H05,species:Hafnia alvei,species:Harryflintia acetispora,species:Holdemanella biformis,species:Holdemania filiformis,species:Hungatella hathewayi,species:Intestinibacter bartlettii,species:Intestinimonas butyriciproducens,species:Klebsiella aerogenes,species:Klebsiella michiganensis,species:Klebsiella oxytoca,species:Klebsiella pneumoniae,species:Klebsiella quasipneumoniae,species:Klebsiella variicola,species:Kluyvera ascorbata,species:Kluyvera cryocrescens,species:Lachnoclostridium sp An138,species:Lachnospira pectinoschiza,species:Lachnospiraceae bacterium 2 1 46FAA,species:Lactobacillus crispatus,species:Lactobacillus delbrueckii,species:Lactobacillus equicursoris,species:Lactobacillus fermentum,species:Lactobacillus mucosae,species:Lactobacillus oris,species:Lactobacillus paragasseri,species:Lactobacillus rogosae,species:Lactobacillus ruminis,species:Lactobacillus salivarius,species:Lactobacillus vaginalis,species:Lactococcus garvieae,species:Lactococcus lactis,species:Lactococcus petauri,species:Lactococcus piscium,species:Lawsonibacter asaccharolyticus,species:Leclercia adecarboxylata,species:Leuconostoc garlicum,species:Leuconostoc lactis,species:Lysinibacillus sp BF 4,species:Megamonas funiformis,species:Megamonas funiformis CAG 377,species:Megamonas hypermegale,species:Megamonas rupellensis,species:Megasphaera elsdenii,species:Megasphaera micronuciformis,species:Megasphaera stantonii,species:Methanobrevibacter smithii,species:Mitsuokella multacida,species:Mogibacterium diversum,species:Mogibacterium pumilum,species:Monoglobus pectinilyticus,species:Morganella morganii,species:Neisseria flavescens,species:Neisseria subflava,species:Oblitimonas alkaliphila,species:Odoribacter splanchnicus,species:Oligella ureolytica,species:Olsenella profusa,species:Olsenella uli,species:Oribacterium parvum,species:Oribacterium sinus,species:Oscillibacter sp 57 20,species:Oscillibacter sp CAG 241,species:Oxalobacter formigenes,species:Parabacteroides distasonis,species:Parabacteroides goldsteinii,species:Parabacteroides gordonii,species:Parabacteroides johnsonii,species:Parabacteroides merdae,species:Parabacteroides sp CAG 409,species:Paraprevotella clara,species:Paraprevotella xylaniphila,species:Parascardovia denticolens,species:Parasutterella excrementihominis,species:Phascolarctobacterium faecium,species:Phascolarctobacterium sp CAG 266,species:Phascolarctobacterium succinatutens,species:Plesiomonas shigelloides,species:Porphyromonas asaccharolytica,species:Porphyromonas uenonis,species:Prevotella bivia,species:Prevotella buccae,species:Prevotella buccalis,species:Prevotella copri,species:Prevotella corporis,species:Prevotella denticola,species:Prevotella oris,species:Prevotella salivae,species:Prevotella sp AM42 24,species:Prevotella sp CAG 279,species:Prevotella sp CAG 520,species:Prevotella sp CAG 5226,species:Prevotella sp CAG 873,species:Prevotella sp CAG 891,species:Prevotella stercorea,species:Prevotella timonensis,species:Propionibacterium acidifaciens,species:Proteobacteria bacterium CAG 139,species:Proteus hauseri,species:Proteus vulgaris,species:Pseudomonas lundensis,species:Pyramidobacter piscolens,species:Pyramidobacter sp C12 8,species:Raoultella ornithinolytica,species:Raoultella planticola,species:Romboutsia ilealis,species:Roseburia faecis,species:Roseburia hominis,species:Roseburia intestinalis,species:Roseburia inulinivorans,species:Roseburia sp CAG 182,species:Roseburia sp CAG 303,species:Roseburia sp CAG 309,species:Roseburia sp CAG 471,species:Rothia aeria,species:Rothia dentocariosa,species:Rothia mucilaginosa,species:Ruminococcaceae bacterium D5,species:Ruminococcus bicirculans,species:Ruminococcus bromii,species:Ruminococcus callidus,species:Ruminococcus champanellensis,species:Ruminococcus gnavus,species:Ruminococcus lactaris,species:Ruminococcus obeum CAG 39,species:Ruminococcus sp CAG 403,species:Ruminococcus sp CAG 488,species:Ruminococcus sp CAG 579,species:Ruminococcus sp CAG 624,species:Ruminococcus torques,species:Ruthenibacterium lactatiformans,species:Saccharomyces cerevisiae,species:Scardovia wiggsiae,species:Selenomonas noxia,species:Sellimonas intestinalis,species:Serratia liquefaciens,species:Shuttleworthia satelles,species:Slackia isoflavoniconvertens,species:Solobacterium moorei,species:Sphingobacterium mizutaii,species:Staphylococcus aureus,species:Stomatobaculum longum,species:Streptococcus anginosus group,species:Streptococcus australis,species:Streptococcus cristatus,species:Streptococcus downei,species:Streptococcus gordonii,species:Streptococcus infantarius,species:Streptococcus infantis,species:Streptococcus lutetiensis,species:Streptococcus macedonicus,species:Streptococcus milleri,species:Streptococcus mitis,species:Streptococcus mutans,species:Streptococcus oralis,species:Streptococcus parasanguinis,species:Streptococcus salivarius,species:Streptococcus sanguinis,species:Streptococcus sobrinus,species:Streptococcus sp A12,species:Streptococcus sp HPH0090,species:Streptococcus vestibularis,species:Sutterella parvirubra,species:Synergistes jonesii,species:Turicibacter sanguinis,species:Turicimonas muris,species:Tyzzerella nexilis,species:Veillonella atypica,species:Veillonella denticariosi,species:Veillonella dispar,species:Veillonella infantium,species:Veillonella parvula,species:Veillonella rogosae,species:Veillonella seminalis,species:Veillonella sp T11011 6,species:Veillonella tobetsuensis,species:Weissella cibaria,species:Weissella confusa,species:Weissella viridescens
SRR11412671,0.0,0.0,0.0,0.0,0.0,0.0,0.0,0.0,0.0,0.0,0.0,0.0,0.0,0.0,0.0,0.0,0.0,0.00138,0.0,0.0,0.1873,0.0,0.0,0.22905,0.01451,0.0,0.0,3.89673,0.12327,0.0,0.0,0.0,0.0,0.0,0.0,0.01161,0.0,0.0,0.0,0.0,0.01019,0.0,0.0,0.0,0.0,0.0,0.0,0.0,0.06386,0.0,1.01386,0.0,0.00493,0.0,0.0,0.0,0.14509,0.00988,0.0,0.0,0.0,0.0,7.99291,0.91046,2.49633,10.24508,0.40368,0.61744,0.0,0.0,0.0,0.0,0.0,0.19481,0.0,0.0,0.0,0.0,0.0076,0.27912,0.0,0.02669,0.0,0.0,0.0,0.01866,0.01951,0.0,0.0,0.0,0.0,0.0,0.0,0.0,0.00544,0.0,0.0,0.03171,0.0,0.04411,0.0,0.0,0.0,0.0,0.0,0.0,0.0,0.0,0.0,0.0,0.0,0.0339,0.06848,0.01168,0.0,0.0,0.18581,0.4281,0.0,0.0,0.0,0.0633,0.03959,0.00053,0.0,0.0,0.0,0.0,0.0,0.0,0.0,0.0,0.0,0.0,0.20968,0.0,0.0,0.26584,0.0,0.0,0.0,0.0,0.0,0.0,0.0,0.0,0.0,0.0,0.0,0.0,0.0,0.0,0.0,0.0,0.0,0.0,0.0,0.0,0.08571,0.14382,1.75931,0.0,0.0,0.0301,0.0,0.0,0.0,0.0,0.0,0.0,0.0,0.0,0.0,0.0,0.03549,0.0,47.7845,0.0,0.0,0.0,0.0,0.0,0.03879,0.0006,0.0,2.15928,0.0,0.0,0.0,0.0,0.0,0.0,0.1393,0.0,0.00117,0.01414,0.0,0.0,0.0,0.0,0.03486,0.0,0.98646,0.00158,0.0,0.0,0.0,0.16455,0.0,0.0,0.0,0.0,0.0,0.0,0.00269,0.0,0.0,0.0,0.0,0.0,0.02307,0.02412,0.0,0.00063,0.0,0.12751,0.00302,1.50433,0.042,0.50933,0.00518,0.0,0.0,0.0,0.0,0.0,0.0,0.0,0.0,0.0,0.0,0.0,0.0,0.0,0.0,0.0,0.0,0.0,0.0,0.0,0.0,0.0,0.0,0.0,0.0,0.0,0.0,0.0,0.0,0.0,0.0,0.0,0.00973,0.0,0.0,0.0,0.0,0.04736,0.0,0.0,0.0,0.22941,0.0,0.0,0.0,0.0,0.0,0.00725,0.0,0.0,6.5662,0.0,0.04951,0.0,0.45285,0.0,0.0,2.48353,0.0,0.0,0.0876,0.0,0.0,0.0,0.0,0.0,0.0,0.0,0.0,0.00913,0.0,0.0,0.0,0.0,0.0,0.0,0.0,0.0,0.0,0.0,0.0,0.0,0.0,0.0,0.0,0.0,0.0,0.0,0.0,0.30003,0.05131,0.0,0.00019,0.0,0.0,0.0,0.0,0.0,0.0,0.0,0.0,0.0,0.0,0.01382,0.0,0.04607,0.0,0.0,1.63779,0.0,0.0,0.0,0.0,0.0,0.0,0.0,1.96581,0.0,0.0,0.0,0.0,0.0,0.0,0.0,0.0,0.0,0.0,0.0,0.0,0.0,0.0,0.0,0.0,0.0,0.0,0.0,0.0,0.0,0.0,0.0,0.0,0.0,0.0,0.0,0.0,0.0,0.0,0.0,0.0,0.00436,0.0,0.08516,0.01717,0.0,0.0,0.0,0.0,0.0,0.0,0.0,0.0,0.0,0.0,0.00207,0.0
SRR11412685,0.00459,0.0,0.0,0.0,0.0,0.0,0.00085,0.0,0.0,0.0,0.0,0.00498,0.01017,0.0,0.0,0.0,0.0,0.0,0.0,0.0,0.40692,0.0,0.0,0.0,0.0,0.0,0.0,0.01361,0.0,0.00506,0.0,0.0,0.0,1.14604,0.0,0.0,0.0,0.0,0.0,0.0,1.79502,0.08221,0.0,0.0,0.0,0.0,29.37829,0.0,0.18372,0.0,0.0,0.0,0.0,0.0,0.04698,0.0,2.96801,5.71143,0.0,0.0,0.00355,0.0,0.00682,2.47785,10.88617,0.01259,1.94916,0.0,0.0,0.0,0.11836,0.09595,0.0,0.3923,0.0,0.11833,0.0,0.04666,0.0,0.0065,0.0,0.15596,0.0,0.0,0.0,0.0,0.0,0.0,0.0,0.0,0.0,0.0,0.0,0.0,0.0,0.0,0.0,0.0,0.0,0.0,0.0,0.0,0.0,0.09473,0.0,0.11214,0.08554,0.0,0.01179,0.0,0.0,0.03849,0.0,0.05772,0.0,0.00895,0.09663,0.18612,0.00494,0.0,0.0,0.03204,0.0,0.02099,0.0,0.00156,0.00081,0.0,0.0,0.0,0.0,0.0,0.0,0.0,0.00192,0.0,0.0,0.96841,0.71041,0.0,0.0,0.0,0.01317,0.0,0.0,0.0,0.0,0.0,0.0,0.0,0.00041,0.0,0.0,0.0,0.0,0.57919,0.40344,0.0,0.08651,0.02694,0.0,0.0,0.0,0.00106,0.0,0.0,0.0,0.0,0.0,0.0,0.0,0.0,0.0,0.0,0.0117,0.0,1.54455,0.0,0.0022,0.9375,0.60215,0.0,0.0005,0.80733,0.0,0.08052,0.04055,0.88993,0.0,0.0,0.0049,0.03315,9.303,0.0,0.0,0.0,0.0,0.0,0.0,0.0,0.0,0.0,4.07928,0.0,0.0,0.0,1.42592,0.0,0.54397,0.0,0.0,0.00069,0.0,0.00142,0.01708,0.0,0.0,0.0,0.0,0.0,0.0,0.10853,0.09641,0.0,0.0,0.02214,0.00281,0.05926,0.0,0.03924,0.0,0.0,0.0,1.43357,0.0,0.0,0.0,0.0,0.0,0.0,0.0,0.0,0.06529,0.0,0.00316,0.0,0.0,0.0,0.0,0.0,0.0,0.0,0.0,0.0,0.0,0.18997,0.0,0.01475,0.0,0.01129,0.0,0.0,0.00609,0.0,0.01577,0.0,0.00625,0.0,0.0,0.0,0.0,0.0,0.0,0.0,0.0,0.0,0.0,0.0,0.0,0.0,0.90811,0.05518,0.0,0.0,1.22359,0.0,0.0,0.0,0.0,0.55707,0.01129,0.0,0.0,0.0,0.0,0.0,0.0,0.0,0.0,0.00353,0.00229,0.0,0.0,0.0,0.0,0.0,0.0,0.0,0.0,0.0,0.0,0.0,0.00213,4.07047,0.0,0.0,0.0,0.0,0.0,0.01212,0.0,0.0,0.02722,0.2719,0.00984,0.83548,0.0,0.0,0.0,0.0,0.0,0.0,0.00253,0.0,0.9091,0.03997,0.0,0.0,0.74396,0.02941,0.0,0.0,0.0,0.0,0.0,4.59318,0.57398,0.0,0.00481,0.0,0.0,0.0,0.0,0.0,0.00173,0.0,0.0,0.0,0.00287,0.0,0.0,0.0,0.0,0.0,0.0,0.0,0.0,0.0,0.00261,0.0,0.0,0.02893,0.17689,0.00338,0.0,0.0,0.0,0.0,0.0,0.0,0.0,0.12919,0.13111,0.04247,0.03264,0.00884,0.0193,0.54539,0.0,0.0,0.01458,0.0,0.0,0.0,0.0
SRR11412691,0.0,0.0,0.0,0.0,0.0,0.0,0.0,0.0,0.0,0.0,0.0,0.0,0.0,0.0,0.0,0.0,0.0,0.0,0.0,0.0,0.10931,0.0,1.98211,2.80979,0.31989,0.0,0.0,2.26823,0.35078,0.0,3.26132,0.03339,0.0,0.21136,0.0,0.0,0.0,0.0,0.0,0.0,0.5724,4.71638,0.0,0.21553,0.0,0.0,0.0,12.94838,0.0,0.0,0.0,0.0,0.0,0.13586,0.0,0.0,0.25329,0.42509,0.0,0.0,0.0,0.0,2.20509,0.21436,6.14445,7.76459,6.78067,1.02223,0.0,0.0,0.0,0.08287,0.0,0.00277,0.0,0.0,0.0,0.4584,0.00659,0.0,0.0,0.03203,0.0,0.0,0.0,0.0,0.16338,0.0,0.0,0.0,0.0,0.0,0.0,0.0,0.00134,0.0,0.0,0.00786,0.0,0.0,0.0,0.0,0.0,0.0,0.0,0.0,0.0,0.0,0.0,0.0,0.0,0.29445,0.28127,5.49083,0.01984,0.0,0.0,0.0,0.0,0.0,0.0,0.0116,0.01667,0.0,0.0,0.0,0.0,0.0,0.0,0.0,0.0,0.0,0.0,0.0,0.0,0.03339,0.0,0.34768,0.0595,0.02206,0.0,0.0,0.0,0.0,0.0,0.0,0.0,0.0,0.0,0.0,0.0,0.0,0.0,0.0,0.0,0.05426,0.0,0.0,0.14574,0.0,0.0,0.0,0.0,0.0,0.0,0.0,0.0,3.24597,0.188,0.0,0.0,0.0,0.0,0.0,0.0,0.0,18.41971,0.0,0.0,0.02534,0.00909,0.0,0.0,0.0,0.0,0.00941,0.0,0.0,0.0105,0.0,0.0,0.07274,4.17775,0.0,0.0,0.0,0.0,0.0,0.0,0.0,0.13424,0.0,1.25869,0.0,0.0,0.0,1.16516,0.0,0.0,0.0,0.0,0.0,0.0,0.04498,0.06664,0.0,0.0,0.0,0.00878,0.0,0.0,0.22695,0.0,0.11763,0.0,0.0,0.0,0.07623,0.00512,0.00933,0.0,0.0,0.0,0.0,0.0,0.05738,0.0,0.0,0.0,0.0,0.0,0.0,0.0,0.0,0.0,0.0,0.0,0.0,0.0,0.0,0.02817,0.0,0.0,0.0,0.0,1.24325,0.0,0.08259,0.0,0.0,0.0,0.0,0.0,0.0,0.0,0.0,0.0,0.0,0.0,0.0,0.0,0.0,0.0,0.0,0.0,0.0,0.0,0.59388,0.0,0.0,2.60489,0.42154,0.0,0.0,0.81146,0.0,0.0,0.60799,0.0,0.0,0.36246,0.0,0.0,0.0,0.0,0.0,0.0,0.0,0.0,0.01626,0.0,0.0,0.0,0.0,0.0,0.0,0.0,0.0,0.0,0.0,0.00355,0.0,0.0,0.0,0.0,0.0,0.0,1.19961,0.16294,0.0,0.0,0.0,0.00588,0.0,0.02761,0.0,0.0,0.0,0.0,0.0,0.0,0.0,0.0,0.0,0.0,0.0,0.0,0.0,0.00332,0.09354,0.0,0.0,0.0,0.0,0.0,0.0,0.0,0.0,0.0,0.0,0.12346,0.0,0.0,0.0,0.0,0.0,0.0,0.0,0.0,0.0,0.0,0.0,0.0,0.0,0.0,0.0,0.0,0.0,0.0,0.0,0.0,0.0,0.00092,0.0,0.0,0.0,0.0,0.0,0.0,0.0,0.0,0.0,0.0,0.0,0.0,0.0,0.0,0.0,0.0,0.0,0.0,0.0,0.0,0.0,0.0
SRR11412695,0.0925,0.0,0.0,0.0,0.0,0.0,0.0,0.0,0.0,0.0,0.0,0.0,0.0,0.0,0.0,0.0,0.0,0.0,0.0,0.0,0.0,0.0,0.0,0.0,0.0,0.0,0.0,11.46317,0.0,0.01129,0.00222,0.0,0.0,0.0,0.0,0.0,0.0,0.0,0.0,0.0,0.0,0.0,0.0,0.0,0.0,0.0,5.01079,0.0,0.0,0.0,2.36565,0.0,0.0,0.00106,0.0,0.0,2.78043,0.0,0.0,0.0,0.0,0.10835,0.00307,4.26188,13.42477,18.26222,9.0502,0.0,0.0,0.0,0.06745,0.53372,0.0,0.0,0.0,0.0,0.0,0.0,0.08253,0.0,0.0,0.80178,0.0,0.0,0.0,0.0,0.0,0.0,0.0,0.0,0.0,0.0,0.0,0.0,0.0,0.0,0.0,0.0,0.0,0.0,0.0,0.00278,0.0,0.0,0.0,0.0,0.0,0.0,0.0,0.0,0.04002,0.0,0.0,0.5255,0.38552,0.0,0.0,0.0,0.0,0.0,0.0,0.05722,0.0,0.0,0.0,0.0,0.0,0.0,0.0,0.0,0.0,0.0,0.0,0.0,0.0,0.0,0.0,0.0,0.0,0.38111,0.00153,0.0,0.02075,0.0,0.0,0.0,0.0,0.0,0.0,0.0,0.0,0.0,0.01186,0.0,0.0,0.0,0.0,0.0,0.01491,0.0,0.74805,0.0,0.0,0.0,0.0,0.0,0.0,0.0,0.0,0.0,0.0,0.0,0.0,0.0,0.07252,0.0,2.55294,0.0,0.08993,0.58396,0.0,0.0,0.09673,0.0,0.0,0.00143,0.0,0.0,0.0,0.0,0.0,0.0,0.00065,0.0,0.0,0.0,0.0,0.0,0.0,0.0,0.0,0.0,0.98533,0.0,0.0,0.0,0.0,0.0,0.0,0.0,0.0,0.0,0.0,0.0,0.0,0.00096,0.00307,0.0,0.0,0.0,0.0,0.36003,0.0,0.0,0.0,0.02025,0.0,0.21101,0.00325,0.03426,0.0,0.0,0.0,0.0,0.0,0.0,0.0,0.0,0.0,0.0,0.0,0.0,0.0,0.0,0.0,0.0,0.0,0.0,0.0,0.0,0.0,0.0,0.0,0.0,0.0,0.0,0.0,0.0,0.0,0.0,0.64351,0.0,0.0,0.0,0.0,0.0,0.0,0.01682,0.0,0.0,0.0,0.0,0.0,0.0,0.0,0.0,0.0,0.0,0.0,0.0,3.11848,0.0,0.09263,0.0,0.0,0.0,0.0,0.0,0.0,0.41787,0.0,0.0,0.0,0.0,0.0,0.0,0.0,0.0,0.0,0.00546,0.0,0.0,0.0,0.0,0.0,0.0,0.0,0.0,0.0,0.0,0.0,0.0,0.0,0.00514,0.0,0.0,0.0,0.0,0.0,0.0,0.0,0.0,0.0,0.0,0.0,9.96314,0.0,0.0,0.0,0.0,0.0,0.0,0.0,0.0,0.0,0.0,0.0,0.0,2.44329,0.0,0.0,0.0,0.0,0.0,0.0,0.0,1.14888,0.0,0.0,0.0,0.0,0.0,0.0,0.0,0.0,0.0,0.0,0.0,0.0,0.0,0.0,0.0,0.0,0.0,0.0,0.0,0.0,0.0,0.0,0.0,0.0,0.00054,0.00699,0.0,0.0,0.0,0.0,0.0,0.0,0.0,0.0,0.01028,0.18649,0.0,0.0,0.0,0.0,6.41059,0.0,0.0,0.00124,0.0,0.0,0.0,0.0
SRR11412698,0.0,0.0,0.0,0.0,0.0,0.0,0.0,0.0,0.0,0.0,0.0,0.0,0.0,0.0,0.0,0.0,0.0,0.0,0.0,0.0,0.59514,0.0,0.0,0.46044,0.03117,0.0,0.0,7.1098,0.17576,0.0,0.0,0.0,0.0,0.02069,0.0,0.02232,0.0,0.0,0.0,0.0,0.38236,0.0,0.10125,0.0,0.0,0.0,0.0,0.30744,0.0,0.0,0.0,0.02726,0.31153,2.3411,0.0,0.0,2.18476,6.00038,1.09832,0.0,0.0,0.0,20.336,1.1987,10.30511,13.35116,0.47641,0.0,0.0,0.0,0.00236,0.00634,0.0,0.0,0.0,0.00073,0.0,0.02819,0.0,0.0,0.0,0.00611,0.0,0.0,0.0,0.0,0.0,0.0,0.0,0.0,0.00745,0.0,0.0,0.0,0.00184,0.0,0.0,0.0,0.0,0.00115,0.0,0.04139,0.0,0.00631,0.0,0.03773,0.0,0.0,0.0,0.0,0.0,0.03168,0.0,0.25254,0.0,0.0,0.13212,0.19049,0.0,0.0,0.0,0.0,0.13931,0.0,0.00168,0.0,0.0,0.0,0.0,0.0,0.0,0.0,0.0,0.0,0.0,0.0,0.0,0.2191,0.05485,0.0,0.0,0.0,0.0,0.0,0.0,0.07454,0.19908,0.0,0.0,0.0,0.0,0.0,0.71596,0.0,0.02497,0.0,0.04684,0.0,0.00336,0.0,0.0419,0.0,0.0,0.45472,0.04358,0.0,0.0,0.01128,0.0,0.0,0.0,0.0,0.0,0.0,0.0,0.0,2.26151,0.0,0.0,2.90679,0.01017,0.0,0.0,1.1004,0.0,0.0,0.0,0.0,2.59735,0.0,0.0,0.00524,3.53319,0.0,0.0,0.0,0.0,0.0,0.0,0.0,0.0,0.0,0.52938,0.0,0.0,0.0,0.06957,0.0,0.0,0.0,0.0,0.00205,0.0,0.0,0.0,0.0,0.0,0.0,0.0,0.02273,0.05428,0.03966,0.01644,0.0,0.0,0.0,0.00236,0.27068,0.0334,0.07849,0.00891,0.0,0.0,0.29192,0.09365,0.0,0.0,0.0,0.0,0.0,0.0,0.0,0.0,0.0,0.0,0.0,0.0,0.0,0.0,0.0,0.0,0.0,0.0,0.0,0.0,0.0,0.0,0.0,0.0,0.0,0.0,0.0,0.0,0.0,0.0,0.0,0.0,0.0,0.0,0.0,0.0,0.57384,0.0,0.0,0.0,0.0,0.0,0.0,0.14732,0.0,1.97618,0.01249,0.0,0.09411,0.8158,0.0,0.0,1.73121,0.0,0.0,0.0,0.0,0.0,0.0,0.0,0.0,0.0,0.0,0.0,0.01846,0.0,0.0,0.0,0.0,0.0,0.0,0.0,0.0,0.0,0.0,0.0,0.0,0.0,0.0,0.0,0.0,0.0,0.05763,0.0,0.0,0.0,0.0,5.6223,0.60943,0.33295,2.49168,0.0,0.0,0.0,0.0,0.0,0.0,0.01683,0.0,0.0,0.31831,0.0,0.0,0.00102,0.39868,0.0,0.0,0.0,0.0,0.0,0.06063,0.16141,0.0,0.0,0.0,0.0,0.0,0.0,0.0,0.0,0.0,0.0,0.0,0.02106,0.00074,0.0,0.0,0.0,0.0,0.0,0.0,0.0,0.00599,0.00164,0.0,0.00533,0.02846,0.54442,0.00936,0.0,0.00081,0.0,0.01209,0.0,0.0,0.0,0.0,0.0,0.0307,0.0,0.0,0.0,0.35625,0.0,0.0,0.0,0.0,0.0,0.0,0.0
SRR11412728,0.0,0.0,0.0,0.0,0.0,0.0,0.0,0.0,0.0,0.0,0.0,0.0,0.0,0.0,0.0,0.0,0.0,0.0,0.0,0.0,0.2697,0.0,0.0,0.0,0.0,0.0,0.0,6.06984,0.25609,0.0,0.0,0.0,0.0,0.1096,0.0,0.0,0.0,0.0,0.0,0.0,0.0,0.0,1.34306,0.0,0.0,0.0,12.24189,0.0,0.0,0.0,0.01476,0.0,0.0,0.0,0.0,0.06314,2.36166,0.00471,0.24982,0.0,0.0,0.0,0.02195,0.49255,11.76176,1.92559,0.62331,0.0,0.0,0.0,0.47086,0.0,0.0,0.0,0.0,0.0,0.0,0.65427,0.0,0.0,0.0,0.06494,0.0,0.0,0.0,0.0,0.0,0.0,0.0,0.0,0.0,0.0,0.0,0.0,0.0,0.0,0.0,0.0,0.0,0.0,0.0,0.0,0.0,0.0,0.0,0.0,0.0,0.0,0.0,0.0,0.0,0.0,0.02272,0.00376,0.0,0.0,0.00707,0.00752,0.0,0.0,0.0,0.00526,0.0,0.0,0.0,0.0,0.0,0.0,0.0,0.0,0.0,0.01148,0.0,0.0044,0.0,0.0,0.0,0.00691,0.0,0.0,0.0,0.0,0.0,0.0,0.0,0.05112,0.18086,0.0,0.0,0.0,0.0,0.0,0.15677,0.0,0.0,0.05693,0.04352,0.0,0.02323,0.0,0.00131,0.0,0.0,0.0071,0.0,0.0,0.0,0.0,0.0,0.0,0.0,0.0,0.0,0.0,0.0,0.0,0.29831,0.0,0.0,0.09614,0.0246,0.0,0.0,6.18811,0.0,0.01551,0.00239,0.2718,5.35906,0.0,0.0,0.19125,12.37611,0.0,0.0,0.0,0.0,0.0,0.0,0.0,0.01256,0.0,0.52112,0.0,0.0,0.0,1.36617,0.0,0.0,0.0,0.0,0.0,0.0,0.0,0.0,0.01675,0.0,0.0,0.0,0.0,0.0,0.0,0.0,0.0,0.0,0.0,0.0,0.19193,0.00773,0.05105,0.0,0.0,0.0,0.0,0.0,0.0,0.0,0.0,0.0,0.0,0.0,0.0,0.0,0.0,0.0,0.0,0.0,0.0,0.0,0.0,0.00839,0.0,0.0,0.0,0.0,0.00197,0.0,0.00328,0.0,0.0,0.0,0.0,0.0,0.0,0.0,0.0,0.0,0.0,0.0,0.0,0.0,0.0,0.0,0.0,0.0,0.0,0.0,0.57423,0.0,0.0,1.32102,0.0,0.0,0.0,0.0,0.0,0.0,0.0,0.0,0.0512,0.0,0.0,0.0,0.0,0.0,0.0,0.00631,0.0,0.0,0.02643,0.0,0.0,0.0,0.0,0.0,0.0,0.0,0.0,0.0,0.0,0.0,0.0,0.0,1.6367,0.0,0.0,0.0,0.0,0.0,0.0,0.0,0.0,22.10458,0.45353,0.00098,0.52087,0.0,0.0,0.0,0.0,0.0,0.0,0.0,0.0,5.27237,0.95321,0.08539,0.0,0.04794,0.21036,0.0,0.0,0.0,0.0,0.0,0.06137,0.02396,0.0,0.0,0.0,0.0,0.0,0.0,0.0,0.0,0.0,0.0,0.0,0.0,0.0,0.0,0.0,0.0,0.0,0.0,0.0,0.0,0.0,0.0,0.0,0.0,0.00855,0.02238,0.0,0.0,0.0,0.0,0.0,0.0,0.0,0.0,0.02489,0.0,0.0,0.0,0.0,0.0,0.0,0.0,0.0,0.0,0.0,0.0,0.0,0.0
SRR11412768,0.0,0.0,0.0,0.0,0.0,0.0,0.0,0.0,0.0,0.0,0.0,0.0,0.0,0.0,0.0,0.0,0.0,0.0,0.0,0.0,0.15075,0.0,2.67633,0.45959,0.01249,0.0,0.0,2.4139,0.30526,0.0,0.0,0.0,0.0,0.00166,0.0,0.0,0.0,0.0,0.0,0.0,0.28738,0.26458,0.01207,0.0,0.0,0.0,0.0,0.0,0.01355,0.0,0.0,0.0,1.38657,0.87342,0.0,0.0,0.34021,0.26517,0.51451,0.0,0.0,0.0,1.17416,0.02783,2.32016,5.10549,0.04052,0.14488,0.0,0.0,0.0,0.0031,0.0,0.005,0.0,0.0,0.0,0.20174,0.0,0.0,0.0,0.0,0.0,0.0,0.0,0.0412,0.38679,16.37382,4.18689,0.0,0.0,0.0,0.0,0.0,0.0,0.0,0.51205,0.0,0.0,0.00718,0.0,0.13473,0.0,0.19631,0.0,0.14271,0.0,0.0018,0.04211,0.0,0.0,0.0,0.0,0.0193,0.0,0.0,0.0,0.0,0.0,0.0,0.0,0.0,0.0045,0.0048,0.0,0.00159,0.0,0.0,0.41678,0.0,0.00183,0.0,1.58535,9.05556,0.2626,0.0,0.0,0.0,0.03831,0.0,0.0,0.0,0.0,0.11529,0.0,0.09604,0.0423,0.0,0.0,0.0,0.0,0.0,0.0,1.2648,0.0,0.0861,0.08846,0.0,0.0,0.00019,0.0,0.0,0.0,0.01888,0.0165,0.0,0.0,0.03459,0.0,0.0,0.0,0.0,0.0,0.0,0.0,0.0,9.3724,0.0,0.0,1.53397,0.00916,0.0,0.05728,0.00221,7.54182,0.00432,0.0,0.0,0.40773,0.0,0.0,0.019,5.59541,0.0,0.81956,0.0,0.0322,0.00273,0.0,0.07982,0.00725,0.00563,0.0,0.0,0.0,0.0,0.23656,0.0,0.0,0.0,0.0,0.0,0.0,0.12007,0.0,0.0,0.0,0.0,0.0,0.07407,0.00672,0.0,0.0,0.02021,0.0,0.02257,0.00976,0.75846,0.07585,0.34399,0.0,0.0217,0.0,0.0,0.0,0.0,0.0,0.0,0.0,0.0,0.0,0.0,0.0,0.0,0.0,0.0,0.05522,0.00732,0.02299,0.0,0.0,0.0,0.0,0.0,0.0,0.00317,0.0,0.0,0.0,0.0,0.0,0.0,0.97497,0.07656,0.0,0.0,0.16451,0.0077,0.0,0.0,0.0,0.90401,0.0,0.0,0.0,0.0,0.0,0.95271,0.1528,0.0,0.91655,0.03925,0.0,0.25562,0.017,0.0,0.01474,0.0214,0.0,0.07582,0.23776,0.0,0.0,0.0,0.0,0.0,0.0,0.0,0.0,0.0,0.0,0.0,0.0,0.0,0.0,0.0,0.0,0.0,0.0,0.0,0.0,0.0,0.0,0.10258,0.0,0.01773,0.0,0.0,0.0,0.12515,0.01711,0.0,0.35348,0.18399,0.00898,0.0,0.00445,0.23353,0.0441,0.0,0.0,0.0,0.0,0.19485,0.0,1.58946,0.0,8.99691,0.0,0.00588,0.0,0.0,0.0,0.92193,0.90913,0.00816,0.01982,0.0,0.0,0.0,0.0,0.0,0.0,0.0,0.0,0.0,0.0,0.0,0.0,0.0,0.0,0.0,0.0,0.0,0.0,0.0,0.0,0.0,0.0,0.0,0.0,0.0,0.0,0.0,0.0,0.0,0.0,0.0,0.0,0.0,0.0,0.00253,0.0,0.0,0.0,0.0,0.0,0.0,0.0,0.0,0.0,0.0,0.0,0.0,0.0
SRR11412774,0.0,0.0,0.00116,0.0,0.0,0.0,0.0,0.0,0.0,0.0,0.0,0.0,0.0,0.0,0.0,0.00044,0.0,0.07818,0.07877,0.0,0.14661,0.0,0.10182,0.5556,0.00631,0.0,0.0,1.53477,0.27058,0.0,0.0,0.0,0.0,0.0,0.0,0.0468,0.0,0.0,0.0,0.00547,0.00497,0.0,0.0,0.0,0.0,0.0,0.0,0.02956,0.21952,0.0,0.00964,0.0,0.03011,0.05358,0.00189,0.0,0.11829,0.41464,0.19429,0.0,0.0,0.0,2.07929,0.7717,1.87808,0.55817,0.06969,0.0,0.0,1.48748,0.0,0.0,0.0,0.12585,0.0,0.0,0.0,0.12355,0.0,0.0,0.0,0.00743,0.0,0.0,0.0,0.11148,0.61224,0.0,0.0,0.0,0.0,0.0,0.0,0.0,0.0,0.01167,0.0,0.00355,0.0,0.0,0.0,0.01184,0.0,0.03078,0.0,0.07427,0.0,0.02697,0.0,0.0,0.0,0.00125,0.0295,0.09993,0.00568,0.0,0.04851,0.0,0.0,0.0,0.0,0.007,0.0,0.0,0.0,0.00034,0.0,0.0,0.0,0.0,0.0,0.0,0.0,0.0,0.43626,0.0,0.0,0.0,0.07357,0.08255,0.00043,0.0,0.0,0.0,0.0,0.23964,0.17054,0.0,0.0,0.0,0.93978,0.13326,0.00694,0.0,0.0,0.13905,0.11034,0.0,0.0,0.0,0.0237,0.0,0.0,0.67406,0.17628,0.0,0.0,0.0,0.0,0.0,0.0,0.0,0.0,0.0,0.0,0.0,14.91417,0.0,0.0,0.2845,0.00272,0.0,0.08644,2.50411,0.0,2.63775,0.14653,0.0,0.01281,0.0,0.0,0.0,4.2507,0.0,0.06054,0.0,2.68195,0.02601,0.0,0.0,1.55761,0.0,0.09908,0.0,0.0,0.0,0.10926,0.0,0.0,0.0,0.0,0.0,0.0,0.0,0.0,0.0,0.0,0.0,0.0,0.35419,0.12574,0.01782,0.0,0.00437,0.0,0.13237,0.146,5.72581,0.45385,4.01337,0.00471,0.10675,0.0,0.09852,0.0,0.0,0.0,0.0,0.0,0.03549,0.0,0.0,0.0,0.0,0.0,0.0,0.51162,0.18658,0.62948,0.0,0.00227,0.50005,0.0,0.01085,0.0,0.0,0.0,0.0,0.0,0.00117,0.0,0.0,0.03598,0.0,0.0,0.0,0.0,0.0,0.0,0.0,0.0,0.87426,0.0,0.0,0.0,0.0,0.0,3.12745,0.01005,0.0,1.99589,0.11804,0.0,0.0,1.17505,0.0,0.0,0.01201,0.0,0.0,0.0,0.0,3.98483,0.0,0.0,0.0,0.0,0.0,0.0,23.38128,0.00123,0.0,0.0,0.0,0.0,0.62286,0.0,0.0,0.0,0.0,1.87828,0.0,0.0,0.0,0.0,0.0,0.0,0.01864,0.0,0.22055,0.27935,0.0,0.65622,0.1487,0.00861,1.40257,0.0,0.0,0.0,0.01839,0.0,0.0,0.0005,0.0,0.0,0.0,0.04783,0.0,0.17611,0.0,0.0,0.0,0.0,0.0,0.0,0.60863,0.40811,0.0,0.0,0.0,0.0,0.02699,0.0,0.0,0.0,0.0,0.0,0.0,0.04754,0.0,0.0,0.0,0.05529,0.0354,0.0,0.0,0.00707,0.0,0.00146,0.0,0.0,0.28452,0.20369,0.0,0.0,0.0,0.0,0.10143,0.0,0.0,0.0,0.0,0.0,0.07892,0.0,0.00491,0.00623,0.1082,0.0,0.0,0.00291,0.0,0.01686,0.08631,0.0
SRR11412777,0.0,0.0,0.0,0.0,0.0,0.0,0.0,0.0,0.0,0.0,0.0,0.0,0.0,0.0,0.0,0.0,0.0,0.0,0.0,0.0,0.70941,0.0,0.0,1.0154,0.0,0.0,0.0,0.04663,0.0,0.01786,0.0,0.0,0.0,0.09013,0.0,0.02693,0.0,0.0,0.0,0.0,3.03696,0.40935,0.0,5.14054,0.0,0.0,0.06168,0.0,0.0,0.0,0.27701,0.0,0.00225,0.0,0.00386,0.0,1.16273,21.56596,0.40614,0.0,0.0,0.0,2.18755,0.21454,14.28771,11.65716,0.07894,0.0,0.0,0.0,0.23438,2.73588,0.0,0.0,0.0,0.0,0.0,0.03963,0.0,0.0,0.0,0.02512,0.0,0.0,0.0,0.0,0.0,0.0,0.0,0.0,0.0,0.0,0.0,0.0,0.0,0.0,0.0,0.0,0.0,0.0,0.02508,0.5643,0.02538,0.01367,0.0,0.09979,0.0,0.0,0.0,0.0,0.0,0.00151,0.0,0.11174,0.0,0.0,0.19264,0.0288,0.0,0.0,0.0,0.00631,0.0,0.0,0.0,0.04307,0.0,0.0,0.0,0.0,0.0,0.0,0.0,0.0,0.0,0.0,0.0,0.01988,0.61699,0.0,0.00102,0.0,0.0,0.0,0.0,0.15545,0.26855,0.0,0.0,0.0,0.0,0.0,0.0,0.0,0.0,0.06509,0.35491,0.0,0.02575,0.0,0.03472,0.0,0.0,0.09008,0.01519,0.0,0.02176,0.0,0.0,0.0,0.0,0.0,0.0,0.0,0.0,0.0,0.32419,0.0,0.0,1.51841,0.00656,0.0,0.71561,0.03023,0.0,0.0,0.0,0.0,0.0,0.00278,0.0,0.04656,7.02636,0.00845,0.0,0.0,0.0,0.0,0.0,0.0,0.77424,0.0,0.66427,0.0,0.0,0.0,1.71862,0.00592,0.0,0.0,0.0,0.0,0.0,0.00292,0.041,0.0,0.0,0.0,0.0,0.0,0.0,0.03415,0.0,0.0,0.0,0.01868,0.00596,0.26667,0.02265,0.55116,0.0,0.0,0.0,0.00118,0.0,0.04665,0.0,0.0,0.0,0.01653,0.0,0.0,0.0,0.0,0.00781,0.0,0.0,0.01715,0.0048,0.0,0.0,0.03343,0.00736,0.0,0.0,0.00444,0.00088,0.0,0.0,0.2401,0.0,0.0,0.0,0.0,0.0,0.0,0.0,0.0,0.0,0.0,0.0,0.0,0.0,0.0,0.0,0.0,0.0,0.0,0.0057,0.0,3.24256,0.0,0.01194,0.0,4.44815,0.0,0.0,0.0,0.0,0.0,1.88197,0.0,0.0,0.0,0.0,0.0,0.0,0.0,0.0,0.00116,0.04393,0.0,0.0,0.0,0.0,0.0,0.01319,0.0,0.0,0.0,0.00195,0.0,0.0,0.0,0.0,0.0,0.0,0.0,0.0,0.0,0.0,0.0,0.39175,0.67154,0.06384,2.37917,0.0,0.0,0.0,0.0,0.0,0.0,0.00527,0.0,0.0062,0.0,0.00163,0.0,2.98965,0.0,0.0,0.0,0.0,0.0,0.0,0.11406,0.97425,0.0,0.0,0.0,0.0,0.0,0.0,0.0,0.0,0.0,0.0,0.0,0.0,0.0,0.0,0.0,0.0,0.0,0.0,0.0,0.0,0.0,0.0,0.0,0.0,0.0,0.01679,0.0,0.0,0.0,0.0,0.0,0.01086,0.0,0.0,0.0,0.0,0.0,0.0,0.0,0.0,0.23385,0.0,0.0,0.0,0.0,0.0112,0.09679,0.00147
SRR11412779,0.0,0.0,0.0,0.0,0.0,0.0,0.0,0.0,0.0,0.0,0.0,0.0,0.0,0.0,0.0,0.00954,0.0,0.0,0.0,0.0,0.03077,0.0,0.04745,0.00125,0.25176,0.18875,0.0,0.005,0.27599,0.0,0.0,0.0,0.0,0.00408,0.0,0.0,0.00271,0.0,0.0,0.0,0.11966,0.4618,0.00431,0.0,0.0,0.0,0.74376,2.60665,0.0,0.0,0.0,0.0,0.0,0.0,0.0,0.0,0.12874,0.46635,0.02798,0.0,0.0,0.0,0.15972,0.64598,0.4265,0.07839,0.26915,0.00404,0.0,0.0,0.0,0.01066,0.0,0.00662,0.0,0.0,0.0,0.01411,0.0,0.0,0.0,0.00441,0.0,0.0,0.0,0.0,0.11219,0.0,0.0,0.0,0.0,0.0,0.0,0.0,0.0,0.0,0.0,0.0,0.0,0.0,0.00996,0.06154,0.0,0.02682,0.0,0.04277,0.0,0.0,0.0,0.0,0.0,0.0,0.0,0.0,0.0,0.0,0.0,0.0,0.0,0.0,0.0,0.0,0.0,0.0,0.0,0.00319,0.0,0.0,0.0,0.0,0.0,0.0,0.0,0.0,0.12292,0.0,0.0,0.0,0.09254,0.0,0.0,0.01704,0.0,0.0,0.0,0.0249,0.10883,0.18835,0.0,0.0,0.0,0.17255,0.0,0.0,0.0,0.02266,0.1288,0.0,0.0,0.0,0.00108,0.0,0.0,0.00999,0.01164,0.0,0.0,0.0,0.0,0.0,0.0,0.0,0.0,0.0,0.0,0.0,0.7133,0.0,0.0,0.32048,0.00621,0.0,0.0,0.20624,1.32789,0.0,1.76234,0.0,0.0148,0.0,0.0,0.02489,0.66046,0.0,0.00054,0.0,0.15117,0.0797,0.0,0.0,0.07033,0.02383,0.01817,0.0,0.0,0.0,0.00481,0.0283,0.0,0.0,0.0,0.0,0.0,0.01213,0.0,0.02021,0.00717,0.17254,0.0,0.0,0.0,0.0,0.0,0.0584,0.0,0.0,0.0,0.33621,0.04914,0.11704,0.0,0.0,0.0,0.07933,0.0,0.0,0.0,0.0,0.0,0.00024,0.0,0.0,0.0,0.02631,0.0,0.0,0.0,0.0,0.00657,0.0,0.0,0.0,0.0,0.0,0.0,0.0,0.0,0.0,0.0,0.0,0.0,0.0,0.18319,0.0,0.0,0.0,0.0,0.0,0.0,0.0,0.0,0.16765,0.0,0.0,0.0,0.0,0.0,0.88302,0.05938,0.02278,0.63396,0.0,0.0,0.01192,0.46047,0.0,0.0,0.59221,0.0,0.23476,0.0,0.0,3.36936,0.0,0.0,0.0,0.0,0.0,0.0,62.9407,0.0,0.0,0.0,0.0,0.0,1.72783,0.0,3.80809,0.0,0.0,7.94403,0.0,0.0,0.00446,0.0,0.0,0.0,0.0,0.0,0.0,0.0,0.0,0.91142,0.20284,0.12707,0.58373,0.0,0.0,0.0,0.0,0.0,0.0,0.0,0.0,0.0,0.03278,0.0,0.0,0.0,0.0,0.0,0.0,0.52036,0.0,0.0,0.03758,0.04306,0.0,0.0,0.0,0.0,0.0,0.0,0.00494,0.0,0.0,0.0,0.0,0.0,0.0,0.0,0.0,0.0,0.0,0.0,0.0,0.0,0.0,0.0,0.0,0.0,0.0,0.0,0.0,0.0,0.0,0.0,0.0,0.0,0.0,0.01127,0.01618,0.0,0.0,0.0,0.0,0.0,0.01037,0.0,0.0,0.0,0.0,0.0,0.00192,0.0
SRR11412809,0.0,0.0,0.0,0.0,0.0004,0.0,0.0,0.0,0.0,0.0,0.0,0.0,0.0,0.0,0.0,0.0,0.0,0.0,0.0,0.0,0.60571,0.00395,0.0,0.92529,0.06937,0.0,0.0,10.17601,0.26324,0.0,0.00661,0.0,0.0,0.02916,0.0,0.02106,0.0,0.0,0.0,0.0,0.59981,0.0,0.10088,0.0,0.0,0.0,0.0,0.01615,0.0,0.0,0.00254,0.04862,0.07719,0.80075,0.0,0.0,1.06355,3.47013,0.20426,0.0,0.0,0.0,20.72378,0.44649,6.41314,7.22335,0.29041,0.0,0.0,0.0,0.03261,0.04496,0.0,0.0,0.0,0.00431,0.0,0.03727,0.0,0.0,0.0,0.00312,0.0,0.0,0.0,0.0,0.0,0.0,0.0,0.00257,0.0398,0.0,0.0,0.0,0.00343,0.0,0.0,0.0,0.0,0.0,0.0,0.02382,0.0,0.08915,0.0,0.11964,0.0,0.0,0.0,0.0,0.0,0.01159,0.0,0.15473,0.0,0.0,0.12734,0.13473,0.0,0.0,0.0,0.0,0.13908,0.0,0.00249,0.0,0.0,0.0,0.0,0.0,0.0,0.0,0.0,0.0,0.0,0.0,0.0,0.14211,0.15819,0.0004,0.0,0.0,0.0,0.0,0.0,0.19503,0.27848,0.0,0.0,0.0,0.0,0.0,0.53477,0.0,0.00688,0.0,0.0436,0.0,0.0173,0.0,0.03796,0.0,0.00517,0.28502,0.05064,0.0,0.0,0.00192,0.0,0.0,0.0,0.0,0.0,0.0,0.0,0.0,1.01227,0.0,0.0,5.79814,0.0178,0.0,0.0,8.57382,0.0,0.0025,0.0,0.0,0.86539,0.0,0.0,0.00739,5.29319,0.0,0.0,0.0,0.0,0.0,0.0,0.0,0.00297,0.0,0.58353,0.0,0.0,0.0,0.5726,0.0,0.0,0.0,0.0,0.0,0.00287,0.0,0.00178,0.03737,0.0,0.0,0.0,0.03908,0.10196,0.12867,0.00653,0.0,0.0,0.0,0.00652,1.98878,0.19898,0.50483,0.00812,0.00481,0.0,0.97485,0.00833,0.0,0.0,0.0,0.0,0.0,0.0,0.0,0.00629,0.0,0.0,0.0,0.0,0.0,0.0,0.0,0.0,0.0,0.0,0.0,0.0,0.0,0.0,0.0,0.0,0.0,0.0,0.0,0.0,0.0,0.0,0.0,0.0,0.0,0.0,0.0,0.0,1.39838,0.0,0.0,0.0,0.0,0.0,0.0,0.27333,0.0,1.20803,0.01717,0.0,0.04598,0.24194,0.0,0.0,2.38727,0.0,0.0,0.00046,0.0,0.0,0.0,0.0,0.0,0.0,0.0,0.0,0.0,0.0,0.0,0.0,0.0,0.0,0.0,0.0,0.0,0.0,0.0,0.0,0.0,0.0,0.0,0.0,0.0,0.0,0.22731,0.00985,0.0032,0.0,0.0,5.67677,0.17596,0.18466,0.43443,0.0,0.0,0.0,0.0,0.0,0.0,0.02639,0.0,0.0,0.4775,0.0,0.0,0.0,0.39148,0.0,0.0,0.0,0.0,0.0,0.16143,0.37548,0.0,0.0,0.0,0.0,0.0,0.0,0.0,0.0,0.0,0.0,0.0,0.01608,0.03263,0.0,0.0,0.01063,0.00787,0.01407,0.0,0.0,0.0,0.0029,0.01057,0.01263,0.27234,2.13123,0.0,0.0,0.00804,0.0,0.04644,0.0,0.0,0.0,0.0,0.0,0.48342,0.0,0.01437,0.00647,0.14971,0.00096,0.0,0.0,0.0021,0.0,0.00114,0.0
SRR11412812,0.51086,0.0,0.0,0.0,0.0,0.0,0.0,0.0,0.0,0.0,0.0,0.0,0.0,0.0,0.0,0.0,0.0,0.0,0.0,0.0,0.26453,0.0,3.529,0.43627,0.0,0.0,0.0,2.37107,0.00289,0.0,0.0,0.0,0.09667,0.3518,0.01307,0.03412,0.0,0.0,0.0,0.0,3.20789,0.0,0.0,4.0407,0.04021,0.01165,0.00537,8.41846,0.0,0.0,0.06863,0.0,0.0,0.0,0.0,0.0,0.59015,0.00191,0.0,0.0,0.0,0.0,0.00418,0.38261,0.61335,2.86378,0.0,0.0,0.0,0.0,0.00747,0.01028,0.0,0.09287,0.0,0.13745,0.0,0.00028,0.0,0.12401,0.01073,0.22544,0.0,0.0,0.01128,0.0,0.0,0.0,0.0,0.0,0.0,0.0,0.0,0.0,0.0,0.01742,0.0,0.0,0.0,0.0,0.0,0.0,0.0,0.01718,0.0,0.00582,0.0,0.0,0.0,0.0,0.0,0.0,0.03128,0.42577,0.0,0.0,0.03109,0.04118,0.0,0.0,0.03617,0.03347,0.0,0.0,0.0,0.0,0.0017,0.0,0.0,0.0,0.0,1.54923,0.0,0.0,1.14706,0.0,0.00568,0.0,0.19484,0.27041,0.01905,0.0,0.0579,0.0,0.0,0.0,1.60508,0.0,0.0,0.01368,0.0,0.0,0.0,0.0,0.0,0.0,0.0,0.0,0.26357,0.32346,0.0,0.0,0.0,0.0,0.0,0.0,0.0,0.0,0.0,0.0,0.0,0.0,0.0,0.0,0.0,0.64291,0.21318,0.0,0.47588,0.0,2.99353,0.0,0.15337,8.94412,0.0,9.45238,0.96907,1.85373,0.17069,0.0,0.0,0.31964,0.02301,0.0,0.0,0.00133,0.0,0.0,0.05459,0.0,0.01271,0.0,1.1117,0.0,0.0,0.0,0.63377,0.0307,0.0,0.0,0.0,0.0,0.0,0.0,0.01121,0.0,0.0,0.0,0.0,0.0,0.0,0.01055,0.0049,0.0,0.0,0.0,0.0,0.32254,0.01708,0.06731,0.0,0.0,0.0,0.0,1.27486,0.0,0.0,0.0,0.0,0.0,0.0,0.0,0.0,0.0,0.0,0.0,0.0,0.0,0.0,0.02856,0.08183,0.0,0.0,0.0,0.01317,10.03829,0.0,0.43836,0.0,0.0,0.0,0.72775,0.0,0.0,0.0,0.0,0.02381,0.022,0.0,0.0,0.33951,0.24669,0.0,0.0,0.0,0.0,0.0,0.0,0.0,0.0,0.82588,0.13796,0.0,0.0,1.40021,0.0,0.0,0.0,0.0,0.05935,2.2155,0.0,0.0,0.0,0.0,0.0,0.0,0.0,0.0,0.00141,0.0,0.0,0.0,0.0,0.0,0.0,0.0,0.0,0.0,0.0,1.29465,0.0,0.0,1.49766,0.00413,0.0,0.0,0.0,0.0,0.0,0.0,0.0,0.00281,0.10551,0.0,5.68659,0.0,0.0,0.0,0.0,0.0,0.0,0.0,0.0,0.0,0.0,0.0,0.0,0.64717,0.0,0.0,0.0,0.0,0.0,0.0,0.0,0.46355,0.0,0.0,0.0,0.0,0.0,0.0,9.13814,0.0,0.0,0.0,0.0,0.0,0.0,0.0,0.0,0.0,0.0,0.0,0.0,0.0,0.0,0.0,0.0,0.0,0.0,0.0,0.0,0.0,0.0,0.0,0.0,0.0,0.0,0.0,0.11353,0.09211,0.0,0.0,0.0,0.0,0.01907,0.0,0.0,0.0,0.0,0.0,0.0,0.0
SRR11412821,0.0,0.0,0.0,0.0,0.0,0.0,0.0,0.0,0.0,0.0,0.0,0.0,0.0,0.0,0.0,0.0,0.0,0.0,0.0,0.0,0.00027,0.0,0.02037,0.28368,0.0,0.0,0.0,0.02823,0.0,0.0,0.0,0.0,0.0,0.0,0.04469,0.0,0.0,0.0,0.0,0.0,0.00088,0.00064,0.0,0.0,0.0,0.0,0.0,0.0023,0.0,0.0,56.10795,0.0,0.0,0.00795,0.0,0.0,0.15644,0.00806,0.0,0.0,0.0,4.3816,0.00064,0.02781,0.13236,0.24899,27.94478,0.0,0.0,0.0,0.0,0.0,0.0,0.0,0.0,0.0,0.0,0.0,0.0,0.0,0.0,0.02968,0.0,0.0,0.0,0.0,0.0,0.0,0.0,0.0,0.0,0.0,0.0,0.0,0.0,0.0,0.0,0.0,0.0,0.0,0.0,0.0,0.0,0.0,0.0,0.0,0.0,0.0,0.0,0.0,0.0,0.00454,0.02757,1.93001,0.0,0.0,0.0,0.24726,0.0,0.0,0.0,0.02772,0.02463,0.0,0.0,0.0,0.0,0.0,0.0,0.0,0.0,0.00089,0.00041,0.0,0.08741,0.0,0.0,0.03789,0.0,0.0,0.0,0.0,0.0016,0.0,0.0,0.0,0.0,0.0,0.0,0.0,0.00128,0.0,0.0,0.0,0.0,0.0,0.0,0.0,0.0,0.0,0.0,0.0,0.0,0.0,0.0,0.0,0.0,0.0,0.0,0.0,0.0,0.0,0.0,0.0,0.0,0.0,0.04623,0.0,0.0,0.02549,0.0,0.0,0.0,0.0,0.0,0.0,0.0,0.0,0.0,0.0,0.0,0.0,1.8269,0.0,0.0,0.0,0.0,0.0,0.0,0.0,0.0,0.0,0.73911,0.0,0.0,0.0,0.0,0.0,0.0,0.0,0.0,0.0,0.0,0.0,0.0,0.0,0.0,0.0,0.0,0.0,0.0,0.02723,0.0,0.0,0.03899,0.0,0.0,0.0,0.0,0.0,0.0,0.0,0.0,0.0,0.00079,0.0,0.0,0.0,0.0,0.0,0.0,0.0,0.0,0.0,0.0,0.0,0.0,0.0,0.0,0.0,0.0,0.0,0.0,0.0,0.0,0.0,0.0,0.0,0.0,0.0,0.0,0.0,0.0,0.0,0.0,0.0,0.0,0.0,0.0,0.0,0.0,0.01167,0.0,0.0,0.0,0.0,0.0,0.0,0.0,0.0,5.10824,0.0,0.0,0.0,0.00443,0.0,0.0,0.0,0.0,0.0,0.0,0.0,0.0,0.0,0.0,0.0,0.0,0.0,0.0,0.02873,0.0,0.0,0.0,0.0,0.0,0.0,0.0,0.0,0.0,0.0,0.0,0.0,0.0,0.0,0.0,0.0,0.0,0.0,0.0,0.0,0.0,0.0,0.0,0.0,0.0,0.0,0.0,0.0,0.0,0.0,0.0,0.0,0.0,0.0,0.0,0.0,0.0,0.0,0.23239,0.0,0.0,0.0,0.0,0.0,0.0,0.0,0.04039,0.0,0.00257,0.0,0.0,0.0,0.0,0.0,0.0,0.0,0.0,0.0,0.0,0.0,0.0,0.0,0.0,0.0,0.0,0.0,0.0,0.0,0.0,0.0,0.0,0.0,0.0,0.0109,0.0,0.0,0.0,0.0,0.0,0.0,0.0,0.0,0.0374,0.0,0.0,0.0,0.0,0.0,0.0,0.0,0.0,0.0,0.0,0.0,0.0
SRR11412832,0.0,0.0,0.0,0.0,0.03048,0.0,0.0,0.00732,0.00079,0.0,0.0,0.05064,0.00547,0.0,0.01199,0.0,0.0,0.0,0.0,0.0,0.0,0.0,0.02215,0.47124,0.0,0.0,0.0,6.84294,0.03037,0.0,0.0,0.0,0.0,0.0,0.0,0.0,0.0,0.0,0.04613,0.01633,0.11614,0.0,0.0,0.0006,0.0,0.0,0.08501,0.00051,0.0,0.0,0.00703,0.0,0.0,0.0,0.0,0.0,0.0352,0.08489,0.0,0.0,0.0,0.0,0.41216,0.03325,0.31755,0.31431,0.01565,0.0,0.0,0.00071,0.03226,0.4851,0.0,7.29108,0.0,0.17553,0.0,0.0,0.0072,1.83187,0.0,0.92128,0.0,0.0,0.0,0.0,0.00182,0.0,0.0,0.0,0.0,0.0,0.0,0.0,0.0,0.0,0.0,0.0,0.0,0.0,0.0,0.0,0.0,0.0,0.0,0.0,0.0,0.0,0.0,0.0,0.0,0.01648,0.0,14.29801,0.0,0.0,9.79648,16.09041,0.0,0.0,0.0,0.50721,0.0,0.0,0.0,0.0,0.0,0.0,0.0,0.0,0.0,0.0,0.0,0.0,0.0,0.0,0.0,0.0,0.71047,0.0,0.0,0.0,0.0,0.0,0.0,0.0,0.73524,0.0,0.0,0.0,7.12562,0.0,0.00103,0.0,0.0,0.0,0.63775,0.0,0.09111,0.0,0.0115,0.0,0.0,0.0,0.0,0.0,0.0,0.0,0.0,0.0,0.0,0.0,0.0,0.0,0.00938,0.0,0.94184,0.0,0.0,0.00545,0.0404,0.0,0.21343,0.01815,0.00102,0.07888,0.0,0.77808,0.0,0.00972,0.1251,0.0,0.14289,0.0,0.0,0.0,0.0,0.0,0.0,0.0,0.01432,0.0,17.44309,0.0,0.0,0.0,0.00269,0.00276,0.0,0.17711,0.02584,0.00786,0.01648,0.0,0.0,0.0,0.0,0.0,0.0,0.0,0.0,0.20285,0.0,0.0,0.05816,0.0,0.0,0.26583,0.03724,0.3188,0.0,0.0,0.0,0.0,0.0,0.02192,0.0,0.0,0.0,0.01725,0.0,0.0,0.0,0.0,0.21776,0.0,0.0,0.0,0.0,0.0,0.0,0.0,0.0,0.0,0.0,0.10563,0.0,0.00681,0.04087,0.00755,0.0,0.0,0.0,0.0,0.00676,0.0,0.0,0.0,0.0,0.0,0.0,0.00739,0.0,0.0,0.0,0.0,0.00407,0.01538,0.00427,0.0,0.72448,0.0,0.0,0.0,0.72882,0.0,0.01497,0.05162,0.0,0.0,1.02283,0.0,0.0,0.0,0.0,0.0,0.0,0.0,0.0,0.02061,0.0,0.0,0.0,0.0,0.0,0.0,0.0,0.0,0.0,0.08562,0.00963,0.0,0.0,0.0,0.0,0.0,0.0,0.02392,0.0,0.0,0.0,0.0,0.00293,0.0,0.0,0.00564,0.0,0.0,0.0,0.0,0.01503,0.00133,0.29105,0.0,0.0,0.20516,0.0,0.02256,2.30457,0.0,0.0,0.0,0.0,0.0,0.0,0.0,1.50934,0.0,0.0,0.0,0.0,0.0,0.0019,0.0,0.03075,0.0,0.28474,0.00885,0.097,0.00178,0.00273,0.0,0.06319,0.0,0.03546,0.0,0.0,0.01284,0.04204,0.0,0.15322,0.41175,0.542,0.05748,0.0,0.00671,0.0,0.06898,0.0,0.0,0.0,0.0,0.0179,0.0,0.0,0.0,0.0,0.00123,0.0,0.0,0.0,0.0,0.0,0.0,0.0
SRR11412843,0.0,0.0,0.0,0.0,0.0,0.0,0.0,0.0,0.0,0.0,0.0,0.0,0.0,0.0,0.0,0.0,0.0,0.0,0.0,0.0,0.34742,0.0,0.0,0.12181,0.0,0.0,0.0,18.945,0.08581,0.0,0.0,0.0,0.01529,0.0,0.0,0.0,0.0,0.0,0.0,0.0,0.0,0.0,0.0,0.0,0.0,0.0,0.0,0.0,1.07945,0.0,0.05134,0.0,0.0,1.2978,0.0,0.0,0.37035,3.81764,0.0,0.0,0.0,0.0,5.86091,0.3202,9.89438,15.57422,0.01886,3.43956,0.0,0.0,0.3248,0.0,0.0,1.64115,0.0,0.03645,0.0,0.0,0.0,0.00445,0.0,0.2517,0.0,0.0,0.0,0.0,0.0,0.0,0.0,0.0,0.0,0.0,0.0,0.0,0.0,0.0,0.17054,0.0,0.0,0.1214,0.0,0.0,0.0,0.00328,0.0,0.01553,0.0,0.0,0.0,0.0,0.0,0.0169,0.10926,1.23456,0.0,0.0,0.0934,0.8967,0.0,0.0,0.0,0.02261,0.0,0.0,0.0,0.0,0.0,0.0,0.0,0.0,0.0,2.11611,0.0,0.0,0.0,0.0,0.0,0.25388,0.0,0.0,0.0,0.0,0.0,0.12758,0.00451,0.0,0.0,0.0,0.0,0.0,1.17899,0.0,0.0,0.0,0.0,0.0,0.0,0.06879,0.08658,0.0,0.0,0.01931,0.0,0.00874,0.0,0.0,0.0,0.0,0.0,0.0,0.0,0.0,0.0,0.0,0.06461,0.0,0.46903,0.0,0.0,0.0,0.24418,0.0,0.05533,0.0,0.0,0.00088,0.0,0.28337,0.0,0.00213,0.0,0.0,3.88642,0.0,0.0,0.0,0.0,0.0,0.0,0.0,0.0,0.0,5.72481,0.0,0.0,0.0,0.69055,0.0,0.0,0.10843,0.0,0.0,0.0039,0.0,0.01501,0.0,0.0,0.0,0.0,0.0,0.19204,0.2853,0.00211,0.0,0.0,0.0,0.0,0.01301,0.00367,0.00373,0.0,0.0,0.0,0.0,0.0,0.0,0.0,0.0,0.0,0.0,0.0,0.0,0.0,0.0,0.0,0.0,0.0,0.0,0.0,0.0,0.19539,0.0,0.0,0.0,0.0,0.0,0.0,0.0,0.0,0.0,0.0,0.0,0.0,0.0,0.0,0.0,0.04912,0.0,0.0,0.0,0.0,0.34777,0.0,0.0,0.0,0.0,0.0,0.0,0.0,0.0,2.61651,0.0,0.01906,0.0,1.24008,0.0,0.0,0.16649,0.0,0.0,0.18896,0.26085,0.0,0.03013,0.0,0.0,0.0,0.0,0.0,0.01872,0.00407,0.0,0.0,0.0,0.0,0.0,0.0,0.0,0.0,0.0,0.0,0.0,0.0,0.0,0.0,0.0,0.0,0.0,0.0,0.0,0.0,0.0,0.00018,0.0,0.0,8.85269,0.0,0.0,0.0,0.0,0.0,0.0,0.0129,0.0,0.0,0.0,0.0,0.0,0.63352,0.0,0.0,0.0,0.0,0.0,0.0,0.71262,2.02277,0.0,0.0,0.0,0.25791,0.0,0.0,0.0,0.0,0.0,0.0,0.0,0.0,0.00134,0.0,0.0,0.0,0.0,0.0,0.0,0.0,0.0,0.0,0.0,0.0,0.0,0.02037,0.0,0.0,0.0,0.0,0.0,0.00667,0.0,0.0,0.0,0.24609,0.0,0.0,0.0,0.0,0.0,0.0,0.0,0.0,0.0,0.0,0.0,0.0
SRR11412866,0.0,0.0,0.0,0.0,0.0,0.0,0.0,0.0,0.0,0.0,0.0,0.0,0.0,0.0,0.0,0.0,0.0,0.0,0.0,0.0,0.03256,0.0,0.0,0.0,0.0,0.0,0.0,9.37654,0.0,0.0,0.0,0.0,0.0,0.03136,0.0,0.0,0.0,0.0,0.0,0.0,0.0,0.17896,0.0,0.0,0.0,0.0,0.0,0.0,0.0,0.0,0.21339,0.0,0.0,0.0,0.11834,0.0,0.0,0.0,0.0,0.0,0.0,0.0,0.00483,1.97171,28.88519,46.81662,3.13707,0.0,0.0,0.0,0.00171,0.02246,0.0,0.0,0.0,0.0,0.0,0.06549,0.0,0.0,0.0,0.0,0.0,0.0,0.0,0.0,0.0,0.0,0.0,0.0,0.0,0.0,0.0,0.0,0.0,0.0,0.0,0.0,0.0,0.0,0.0,0.0,0.0,0.0,0.0,0.0,0.0,0.0,0.0,0.0,0.0,0.0,0.0,0.01133,0.01463,0.0,0.0,0.0,0.0,0.0,0.0,0.0,0.0,0.0,0.0,0.0,0.0,0.0,0.0,0.0,0.0,0.0,0.0,0.0,0.0,0.0,0.0,0.0,0.0,0.0,0.0,0.0,0.0,0.0,0.0,0.0,0.04725,0.0,0.0,0.0,0.0,0.0,0.05859,0.0,0.0,0.02831,0.02295,0.0,0.02379,0.0,0.0,0.0,0.0,0.0,0.0,0.0,0.0,0.0,0.0,0.0,0.0,0.0,0.0,0.0,0.0,0.0,0.23192,0.0,0.0,0.27898,0.02289,0.0,0.0,0.0,0.0,0.0,0.0,0.0,0.14723,0.427,0.0,0.0,1.02992,0.0,0.0,0.0,0.0,0.0,0.0,0.0,0.1361,0.0,0.03344,0.0,0.0,0.0,0.11845,0.0,0.0,0.0,0.0,0.0,0.0,0.00642,0.0,0.0,0.0,0.0,0.0,0.0,0.0,0.0,0.0,0.0,0.0,0.0,0.0,0.61292,0.02188,0.42887,0.0,0.0,0.0,0.01298,0.0,0.0,0.0,0.0,0.0,0.0,0.0,0.0,0.0,0.0,0.0,0.0,0.0,0.0,0.0,0.0,0.0,0.0,0.0,0.0,0.0,0.0,0.0,0.0,0.0,0.0,0.0,0.0,0.0,0.0,0.0,0.0,0.0,0.0,0.0,0.0,0.0,0.01102,0.0,0.0,0.0,0.0,0.0,0.08084,0.0,0.0,2.59304,0.0,0.01011,0.0,0.0,0.0,0.0,0.0,0.0,1.16599,0.0,0.0,0.0,0.0,0.0,0.0,0.0,0.0,0.0,0.00768,0.0,0.0,0.0,0.0,0.0,0.0,0.0,0.0,0.0,0.0,0.0,0.0,0.0,0.02101,0.0,0.0,0.0,0.0,0.0,0.0,0.0,0.0,0.97076,0.26121,0.0,0.13979,0.0,0.0,0.0,0.00157,0.0,0.0,0.0,0.0,0.07086,0.0,0.0,0.0,0.0,0.0,0.0,0.0,0.0,0.0,0.0,0.01494,0.00232,0.0,0.0,0.0,0.0,0.0,0.0,0.0,0.0,0.0,0.0,0.0,0.0,0.0,0.0,0.0,0.0,0.0,0.0,0.0,0.0,0.0,0.0,0.0,0.0,0.0,0.0,0.0,0.0,0.0,0.0,0.0,0.0,0.0,0.0,0.07681,0.0,0.0,0.0,0.0,0.0,0.0,0.0,0.0,0.0,0.0,0.0,0.0,0.0
SRR11412892,0.0,0.0,0.0,0.0,0.0,0.0,0.0,0.0,0.0,0.0,0.0,0.0,0.0,0.0,0.0,0.0,0.0,0.0,0.0,0.0,0.38146,0.0,0.37015,12.74103,0.0,0.0,0.0,11.74875,0.17911,0.0,0.59624,0.0,0.0,0.0,0.0,0.01267,0.0,0.0,0.0,0.0,1.51024,1.27025,0.0,0.0,0.0,0.0,0.00118,0.0,0.0,0.0,0.0,0.0,0.0,0.0,0.0,0.0,8.45718,0.0,0.0,0.0,0.0,0.0,0.0,2.70106,2.49248,17.32799,0.0,0.0,0.0,0.01065,2.23604,0.14292,0.0,0.12489,0.0,0.0,0.00961,0.57835,0.0,0.02222,0.0,0.01467,0.0,0.0,0.0,0.0,0.0,0.0,0.0,0.0,0.0,0.0,0.0,0.0,0.0,0.0,0.0,0.0,0.0,0.0,0.0,0.0,0.0,0.0,0.0,0.00282,0.0,0.0,0.0,0.0,0.0,0.01253,0.0,1.23462,0.0,0.0,0.02749,0.15285,0.0,0.0,0.0,0.10108,0.13122,0.00529,0.0,0.0,0.01398,0.0,0.0,0.0,0.0,0.0,0.0,0.0,0.0,0.0,0.00071,0.26877,0.74353,0.0,0.0,0.0,0.12052,0.0,0.0,0.0,0.0,0.0,0.0,0.0,0.0,0.0,0.13106,0.0,0.29931,0.0,0.0,0.0,0.0235,0.70398,0.0,0.0,0.0,0.01625,0.02802,0.0,0.0,0.0,0.0,0.0,0.0,0.0,0.0,0.0,0.02464,0.0,10.86462,0.0,0.0,0.45622,0.0,0.0,0.0,0.0,0.0,0.0,0.0,0.0,0.0,0.0,0.0,0.0,3.48066,0.0,0.0,0.0,0.0,0.0,0.04647,0.0,0.0,0.0,1.77719,0.0,0.0,0.0,0.0,0.0,0.0,0.0,0.0,0.0,0.0,0.15744,0.0,0.04315,0.0,0.0,0.0,0.0,0.0,0.36952,0.0,0.04337,0.0,0.0,0.0,0.17266,0.02914,0.05816,0.0,0.0,0.01506,0.0,0.0,0.0,0.0,0.0,0.0,0.0,0.0,0.0,0.0,0.0,0.0535,0.0,0.01949,0.0,0.02795,0.0,0.06517,0.0,0.0,0.0,0.0,0.0,0.0,0.0,0.0,0.0,0.0,0.0,0.0,0.0,0.0,0.0,0.04934,0.0,0.0,0.0,0.0,0.0,0.0,0.0,0.0,0.0,0.0,0.53121,0.0,0.0,4.28315,0.0126,0.0,0.0,2.8611,0.0,0.0,0.0,0.0,0.03347,0.0,0.0,0.0,0.0,0.0,0.0,0.0,0.0,0.0,0.01751,0.0,0.0,0.0,0.0,0.0,0.07416,0.0,0.0,0.0,0.0,0.00578,0.0,0.0,0.0,0.0,0.0,0.0,0.0,0.0,0.0,0.0,0.0,3.75548,0.0,0.0,0.0,0.0,0.0,0.0,0.0,0.0,0.0,0.0,0.00956,0.0,2.26232,0.0,0.0,0.23254,0.0,0.0,0.0,0.0,0.0,0.0,0.0,0.72594,0.0,0.0,0.0,0.13315,0.0,0.0,0.0,0.0,0.0,0.0,0.0,0.06146,0.0,0.0,0.0,0.00064,0.0,0.0,0.0,0.0,0.0,0.0,0.0,0.0,0.00273,0.10453,0.0,0.0,0.0,0.0,0.0,0.0,0.0,0.0,0.0,0.0,0.0,0.0,0.0,0.00072,0.18752,0.0,0.0,0.0,0.0,0.0,0.00402,0.0
SRR11412898,0.0,0.16587,0.0,0.0,0.0,0.0,0.0,0.0,0.0,0.0,0.0,0.01407,0.0,0.0,0.0,0.00284,0.0,0.0,0.0,0.0,0.17368,0.0,0.26778,0.04458,0.0329,0.0,0.0,2.84653,0.0082,0.02915,0.0,0.0,0.0,0.0,0.0,0.0,0.0,0.0,0.0,0.0,0.14901,0.02622,0.0,0.52902,0.0,0.0,0.06985,0.02802,0.04587,0.0,0.05097,0.08644,0.0,0.46119,0.0,0.0,0.01148,1.46827,0.0774,0.0,0.0,0.0,0.00586,0.10723,1.93838,3.04991,0.89055,0.0,0.0,0.0,0.03781,0.0,0.0,0.18682,0.0,0.0,0.0,0.0669,0.0,0.0,0.0,0.24074,0.0,0.0,0.0,0.0,0.18737,0.0,0.0,0.0,0.0,0.0,0.0,0.0,0.0,0.0,0.0,0.0,0.0,0.0,0.0,0.0,0.0,0.0,0.0,0.00329,0.0,0.0,0.0,0.0,0.0,0.02503,0.0,0.10033,0.20381,0.0,0.58581,0.0,0.0,0.0,0.0,0.10478,0.0,0.0,0.0,0.00797,0.0,0.0,0.0,0.0,0.0,0.0,0.0,0.0,0.0,0.0,0.0,0.07582,0.84369,0.0,0.00072,0.0,0.0,0.0,0.0,0.0,0.0,0.0,0.00993,0.0,0.0,0.0,0.0,0.0,0.0,0.14535,3.59101,0.0,0.02101,0.0,0.0,0.0,0.0,0.1955,0.0066,0.0,0.0,0.0,0.05041,0.0,0.0,0.0,0.0,0.0,0.0,0.0,13.63007,0.06393,0.0,0.00023,0.03602,0.0,0.0,13.81754,0.0,0.00211,0.82859,0.0,0.34147,0.0,0.0,0.00574,1.60702,0.0,0.0,0.0,0.0,0.0,0.0,0.0,0.02901,0.0,3.27743,0.0,0.0,0.0,0.1771,0.0,0.0,0.0,0.0,0.0,0.0,0.00372,0.0,0.0,0.0,0.0,0.0,0.0,0.0,0.13329,0.0,0.0,0.0,0.0,0.0,1.33249,0.10445,0.36355,0.0,0.0,0.0,1.49934,0.0,0.0,0.0,0.0,0.0,0.0,0.0,0.0,0.0,0.0,0.0,0.0,0.0,0.0,0.0,0.0,0.0,0.0,0.0,0.0,0.0,5.38692,0.0,0.33032,0.0,0.04462,0.0,0.0,0.0,0.0,0.00221,0.0,0.0,0.0,0.0,0.0,0.0,0.0,0.0,0.0,0.0,0.0,0.0,0.0,0.0,0.0,0.71332,0.02694,0.0,0.0,0.64089,0.0,0.0,0.0,0.0,0.0,3.23469,0.0,0.0,0.0,0.0,0.0,0.0,0.0,0.0,1.74297,0.0,0.0,0.0,0.0,0.0,0.0,0.0,0.0,0.0,0.0,0.0,0.0,0.0,0.0,0.0,0.0,0.0,0.0,0.0,0.0,0.0,0.0,0.0,0.18045,0.0,26.56497,0.0,0.0,0.0,0.0,0.0,0.0,0.00333,0.0,0.0,0.0,0.0,0.0,3.76774,0.0,0.0,0.0,0.0,0.0,0.0,0.58826,0.11835,0.0,0.0,0.0,0.0,0.0,0.0,0.0,0.0,0.0,0.0,0.0,0.0,0.0,0.0,0.0,0.0,0.04084,0.0,0.0,0.0,0.0,0.0,0.0,0.0,0.01028,0.0147,0.0,0.0,0.0,0.0,0.0,0.0,0.0,0.0,0.0,0.05465,0.0,0.0,0.0,0.0,0.00849,0.0,0.0,0.0,0.0,0.0,0.0,0.0
SRR11412901,0.0,0.0,0.0,0.0,0.0,0.0,0.0,0.0,0.0,0.0,0.0,0.0,0.0,0.0,0.0,0.0,0.04496,0.11461,0.0029,0.58197,0.79638,0.0,0.79514,0.11679,0.17363,0.0,0.0,5.29426,1.11052,0.0332,0.0,0.0,0.0,0.13283,0.0,0.0,0.0,0.01422,0.0,0.0,0.0,0.003,0.0,0.0,0.0,0.0,0.0,0.0,0.17306,0.0,0.03913,0.0,0.0,0.0,0.00803,0.0,0.43723,0.0,0.0,0.0,0.0,0.0,13.37286,0.78282,2.88377,30.13748,0.02269,0.0,0.0,0.0,0.0,0.2425,0.0,0.0,0.0,0.0,0.0,0.21533,0.0,0.03811,0.0,0.00397,0.0,0.0,0.0,0.0,0.0,0.0,0.0,0.0,0.0,0.0,0.0,0.0,0.0,0.0,0.0,0.0,0.0,0.06353,0.0,1.09826,0.03465,1.12077,0.07074,9.12659,0.0,0.0,0.0,0.0,0.0,0.0,0.0,0.36137,0.0,0.0,0.01139,1.39012,0.0,0.0,0.0,0.00212,0.0,0.0,0.0,0.0,0.0,0.0,0.0,0.0,0.0,0.30495,0.0,0.0,0.0,0.0,0.0,0.0,0.0158,0.00705,0.0,0.0,0.0,0.0,0.0,0.0,0.0,0.0,0.0,0.0,0.0,0.0,0.00421,0.0,0.0,0.0,0.0,0.0,0.0,0.0,0.0,0.0,0.0,0.03231,0.0,0.0,0.0,0.0,0.0,0.0,0.0,0.0,0.0,0.00607,0.0,0.0,0.54572,0.0,0.0,0.0,0.00206,0.0,0.0,0.0,0.0,0.0,0.0,0.03018,0.0,0.0,0.0,0.09564,0.0,0.0,0.0,0.0,0.0,0.0,0.0,0.0,0.0,0.0,0.09694,0.0,0.0,0.0,0.01451,0.0,0.0,0.0,0.0,0.0,0.0,0.0,0.0,0.03443,0.00348,0.0,0.0,0.0,0.0,0.0,0.0,0.0,0.0,0.28243,0.00824,3.38306,0.75007,1.57537,0.0,0.0,0.0,0.0,0.0,0.0,0.0,0.0,0.0,0.0,0.0,0.0,0.0,0.0,0.0,0.0,0.0,0.0,0.0,0.0,0.0,0.0,0.0,0.0,0.0,0.0,0.0,0.0,0.0,0.0,0.0,0.0,0.0,0.0,0.0,0.0,0.0,0.00547,0.0,0.0,0.0,0.15499,0.0,0.0,0.0,0.0,0.0,0.0,0.0,0.0,16.00917,0.0,0.0104,0.0,0.0,0.0,0.0,0.0,0.0,4.89566,0.0,0.0,0.0,0.0,0.0,0.0,0.0,0.0,0.0,0.0,0.0,0.0,0.0,0.0,0.0,0.0,0.0,0.0,0.0,0.0,0.0,0.0,0.0,0.16118,0.0,0.0,0.0,0.0,0.0,0.00912,0.01141,0.0,0.0,0.0,0.0,0.41737,0.0,0.0,0.0,0.0,0.0,0.0,0.0,0.0,0.0,0.0,0.0,0.0,0.16777,0.0,0.0,0.0,0.0,0.0,0.0,0.0,0.0066,0.0,0.0,0.0,0.0,0.0,0.0,0.0,0.0,0.0,0.0,0.0,0.0,0.0,0.0,0.0,0.0,0.0,0.0,0.0,0.0,0.0,0.0,0.0,0.0,0.0,0.0,0.0,0.0,0.0,0.0,0.0,0.0,0.0,0.0,0.03954,0.00781,0.0,0.0,0.0,0.0,0.06005,0.0,0.0,0.0,0.0,0.0,0.0,0.0
SRR11412913,0.0,0.0,0.0,0.0,0.0,0.0,0.0,0.0,0.0,0.0,0.0,0.0,0.0,0.0,0.0,0.0,0.0,0.0,0.0,0.0,0.0,0.0,0.0,0.0,0.0,0.0,0.0,0.00757,0.0,0.0,0.0,0.0,0.0,0.0,0.0,0.0,0.0,0.0,0.0,0.0,2.01615,0.0401,0.0,0.0,0.0,0.0,0.0,0.0,0.0,0.0,0.0,0.0,0.0,15.13301,0.0,0.0,0.36213,0.0244,0.0,0.0,0.0,0.0,0.00069,0.28064,0.44754,5.79983,0.00325,0.0,0.0,7.01411,0.0,0.0,0.0,0.0,0.0,0.0,0.0,0.0,0.00134,0.0,0.0,2.07034,0.0,0.0,0.0,0.0,0.0,0.0,0.0,0.0,0.0,0.0,0.0,0.0,0.0,0.0,0.0,0.0,1.49756,0.0,0.0,0.05721,0.0,0.32145,0.0,0.43312,0.0,0.0,0.0,0.0408,0.14705,0.0,0.0,0.0,0.0,0.0,0.0,0.0,0.0,0.0,0.0,0.21576,0.0,0.0,0.0,0.0,0.00313,0.0,0.0,0.0,0.0,0.0,0.0,0.0,0.0,0.0,0.19637,0.0,0.0,0.0,0.0,0.0,0.13885,0.0,0.0,0.0,0.0,0.0,0.0,0.0,0.0,0.0,0.0,0.0,0.0,0.0,0.0,0.0,0.0,0.0,0.0,0.0,0.0,0.0,0.0,0.00579,0.02514,0.00873,0.0,0.00501,0.00193,0.0,0.0,0.0,0.02725,0.0,0.03452,0.0,0.0,0.0,0.0,0.0,0.0,0.06403,0.0,0.00959,0.0,0.0,0.0,17.1012,0.0,0.0,0.05087,0.0,0.0,0.0,0.0,0.0,0.0,0.0,0.0,0.0,1.52253,0.0,0.0,0.0,0.0,0.0,0.0,0.0,0.0,0.0,0.0,0.0,0.01244,0.0,0.0,0.0,0.0,0.0,0.0,0.0,0.0,0.0,0.0,0.0,0.55559,0.46315,0.29696,0.0859,0.0,0.00717,0.0,0.00346,0.0,0.0,0.0,0.0,0.0,0.0,0.0,0.0,0.0,0.0,0.00201,0.0,0.0,0.0,0.0,0.0,0.0,0.0,0.0,0.0,0.0,0.0,0.0,0.0,0.0,0.0,0.0,0.0,0.0,0.0,0.0,0.0,0.0,0.0,0.0,0.0,0.0,0.0,0.0,0.0,0.0,0.0,0.0,0.0,0.0,0.0,0.10137,0.0,0.0,0.0,0.00494,0.0,0.0,0.0,0.0,9.67295,0.0,0.0,0.0103,0.0,0.00139,0.00794,0.0,0.0,0.03088,0.41727,0.05435,0.0,0.0,0.0,0.07016,0.00534,0.11659,0.06545,0.0,0.0,0.05803,0.03713,0.0,0.4596,0.0,0.0,0.0,0.0,0.0,0.0,0.0,0.0,0.01889,1.95203,0.00219,0.0,0.0,0.0,0.0,0.0,0.0,0.0,0.0,0.0,1.44289,0.0,0.0,0.0,0.32311,0.0,0.0,0.0,0.0,0.0,0.0,0.0,18.34732,0.0,0.0,0.0,0.0,0.0,0.0,0.0,0.0,0.0,0.0,0.0,0.00675,0.0,0.0,0.0,0.0,0.0,0.0,0.0,0.0,0.0,0.0,0.0,0.0,0.01267,0.12351,0.0,0.0,0.0,0.0,0.0,0.0,0.0,0.0,0.03099,0.0,0.0,0.0,0.0,0.0,10.0903,0.0,0.0,0.0,0.0,0.0,0.0,0.0
SRR11412917,0.0,0.0,0.0,0.0,0.0,0.0,0.0,0.0,0.0,0.0,0.0,0.00562,0.0,0.0,0.0,0.28252,0.0,0.0,0.0,0.0,0.8333,0.0,0.09084,0.24596,0.0,0.0,0.0,2.31296,0.03951,0.0,0.0,0.0,0.0,0.0,0.0,0.04797,0.07108,0.0,0.0,0.0,0.0026,0.0,0.06155,0.53855,0.0,0.0,0.0,0.0006,0.34587,0.0,5.35024,0.0,0.0,0.20422,0.0,0.0,0.7159,1.99399,0.0,0.0,0.0,0.0,0.55232,0.12747,0.21791,5.29618,0.00826,0.76531,0.09905,0.0881,0.31308,2.10519,0.0,0.00705,0.0,0.02949,0.0,0.11139,0.0,0.06526,0.0,0.02676,0.0,0.0,0.0,0.01009,0.00081,0.0,0.0,0.0,0.0,0.0,0.0,0.0,0.0068,0.0,0.0,0.00258,0.0,0.0,0.0,0.04921,0.0,0.02015,0.0,0.03925,0.0,0.0,0.0,0.0,0.0,0.0,0.02978,0.16656,0.0,0.0,0.02489,0.031,0.0,0.0374,0.0,0.06233,0.0,0.01234,0.0,0.02388,0.0,0.0,0.0,0.0,0.0,0.71251,0.0,0.0,5.75753,0.0,0.0,0.09187,0.00337,0.78051,0.02285,0.0,0.12948,0.0,0.0,0.0,0.0,0.0,0.0,0.0,0.0,0.0,1.13611,0.0,0.0,0.0,0.6218,0.0,0.01073,0.98145,0.0,0.0,0.0,0.6018,0.00969,0.0,0.03103,0.12597,0.051,0.0,0.0,0.0,0.00034,0.0,0.0,0.0,32.21196,0.0,0.0,0.17713,0.0,0.0,0.0,0.01809,0.0,0.0,0.0,0.0,0.00505,0.0,0.0,0.14092,11.45265,0.0,0.0,0.12567,0.0,0.0,0.0,0.0,0.0,0.0,1.28125,0.0,0.0053,0.0,0.81213,0.03439,0.0,0.0,0.0,0.0,0.0,1.9411,0.01086,0.0,0.0,0.0,0.0,0.01899,0.0,0.08841,0.0,0.00082,0.0,0.0,0.00674,3.64288,0.32451,1.23361,0.0,0.0,0.0,0.05974,0.0,0.0364,0.0,0.00176,0.0,0.02585,0.0,0.00335,0.0,0.0,0.17863,0.0,0.0,0.0,0.01101,0.0059,0.05087,0.0,0.0,0.01009,0.0,0.01095,0.0,0.0,0.0,0.13774,0.0,0.0,0.0,0.0,0.00191,0.0,0.0,0.0,0.0,0.0,0.0,0.33167,0.0,0.00228,0.0,0.0,0.0,0.0,0.0,0.0,0.43806,0.0,0.0,0.0,2.1315,0.0491,0.0,0.0,0.00584,0.0,0.00138,0.0,0.0,0.0,0.0,0.0,0.0,0.0,0.0,0.03164,0.0,0.0,0.0,0.0,0.0,0.0,0.0,0.0,0.0,0.0,0.00143,0.0,0.0,0.0,0.0,0.0,0.0,0.0,0.0,0.0,0.0,0.0,0.00172,0.00532,1.14283,0.00418,0.0,0.0,0.0,0.0,0.0,0.0,0.00106,0.0,0.28318,0.01176,0.0,0.0,3.14156,0.0,0.0,0.0,0.0,0.0,0.0,0.0,1.42088,0.0,0.0,0.0,0.25211,0.0,0.0,0.0,0.0,0.0,0.0,0.0,0.03623,0.0,0.0,0.0,0.00754,0.02832,0.0,0.0,0.0,0.0,0.00476,0.06462,0.01091,0.08745,0.1231,0.00719,0.0064,0.0,0.0,0.00411,0.0,0.0,0.0,0.0,0.00552,0.02056,0.00449,0.0,0.0,1.57986,0.0,0.0,0.0,0.0,0.00428,0.13929,0.0
SRR11412927,0.0,0.00172,0.0,0.0,0.0,0.0,0.0,0.0,0.0,0.0,0.0,0.0,0.0,0.0,0.0,0.0,0.0,0.0,0.0,0.0,0.0,0.0,0.0008,6.28676,0.0,0.0,0.0,0.03413,0.0,0.00281,0.00704,0.0,0.0,0.0,0.0,0.03293,0.0,0.0,0.0,0.0,0.0,0.0,0.0,0.00191,0.0,0.0,0.00544,0.0062,0.58101,0.0,0.12461,0.0,0.0,0.0,0.0,0.0,0.0011,0.02613,0.0,0.0,0.0,0.0,9.77837,2.7263,11.5107,6.99691,0.0,0.0,0.0,0.0,0.0,0.0,0.43309,0.0,0.0,0.0,0.0,0.0,0.0,0.0,0.0,0.17587,0.0,0.0,0.0,0.0023,0.01455,0.0,0.0,0.0,0.0,0.0,0.0,0.0,0.0,0.0,0.0,0.0,0.0,0.0,0.03129,0.03848,0.0,0.07564,0.0,0.05439,0.0,0.0,0.0,0.0,0.0,0.009,0.0,0.04752,0.0,0.0,0.0,8.51822,0.0,0.0,0.0,0.40912,0.0,0.0,0.0,0.0,0.02939,0.0,0.0,0.0,0.0,0.0,0.0,0.0,0.0,0.0,0.0,0.04371,0.0,0.0,0.0,0.0,0.0,0.0,0.0,0.0,0.0,0.0,0.0,0.0,0.00031,0.0,0.08074,0.0,0.0,0.0,0.0,0.0,0.0,0.0,0.0,0.0,0.0,1.84659,0.01277,0.0,0.0,0.00833,0.0,0.0,0.0,0.0,0.0,0.0,0.0,0.0,36.85986,0.0,0.0,0.0,0.0,0.0,0.0,0.00072,0.0,0.00613,0.0,0.0,0.0,0.0,0.0,0.0,0.04608,0.0,0.0,0.0,0.0,0.0,0.0,0.0,0.0009,0.0,0.26801,0.0,0.0,0.0,0.0,0.0,0.0,0.0,0.0,0.0,0.0,0.0,0.04372,0.0,0.0,0.0,0.0,0.0,0.0,0.02372,0.0,0.0,0.00368,0.0,0.01378,7.48774,0.53384,2.34245,0.0,0.0,0.0,0.0,0.0,0.0,0.0,0.0,0.0,0.00824,0.0,0.0,0.0,0.0,0.0,0.0,0.09283,0.0,0.164,0.00046,0.0,0.0,0.0,0.0,0.0,0.01419,0.0,0.0029,0.08835,0.01921,0.0,0.0,0.0,0.0,0.0,0.0,0.0,0.0,0.0,0.0,0.0,0.0,0.0,0.0,0.0,0.0,0.0,0.0,0.0,0.0,0.00178,0.0,0.0,0.0,0.00017,0.0,0.0,0.00172,0.0,0.0,0.00635,0.0,0.0,0.0,0.0,0.0,0.0,0.0,0.0,0.0047,0.0,0.0,0.0,0.0,0.0,0.0,0.0,0.0,0.0,0.0,0.00082,0.0,0.0,0.0,0.0,0.0,0.0,1.52683,0.01022,0.0,0.0,0.0,0.0,0.00264,0.0,0.00424,0.0,0.0,0.0,0.0,0.0,0.0,0.0,0.0,0.00144,0.02852,0.0,0.0,0.15468,0.0,0.0,0.0,0.0,0.0,0.0,0.0,0.0,0.0,0.0,0.0,0.00458,0.0,0.0,0.0,0.0,0.0,0.0,0.0,0.0,0.0,0.0,0.0,0.0,0.0,0.0,0.0,0.0,0.0,0.0,0.0,0.0,0.00142,0.0,0.0,0.0,0.0,0.0,0.0,0.0,0.0,0.0,0.0,0.0,0.0,0.0,0.0,0.0,0.0,0.0,0.0,0.0,0.0,0.1016,0.17126,0.0
SRR11412930,0.0,0.0,0.0,0.01273,0.0,0.0,0.0,0.0,0.0,0.0,0.0,0.0,0.0,0.0,0.0,0.0,0.0,0.0,0.0,0.43321,0.0,0.0,0.06409,1.90682,0.12241,0.0,0.01132,1.04232,0.17542,0.0,0.0,0.0,0.0,0.0,0.0,0.01255,0.0,0.0,0.0,0.0,0.86674,0.0019,0.0,0.00273,0.0,0.0,0.72797,0.0,0.07965,0.0,0.17003,0.0,0.0,0.00052,0.0,0.0,0.02432,0.0,0.0,0.0,0.0,0.02721,10.54494,0.29844,2.5099,0.08019,0.26767,0.37001,0.0,0.16164,0.0,0.0,0.0,0.1367,0.0,0.0,0.0,0.0,0.0,0.0,0.0,0.0,0.0,0.0,0.0,0.02591,0.03565,0.0,0.0,0.0,0.0,0.0,0.0,0.0,0.0,0.0,0.0,0.0,0.0,0.0,0.0,0.0,0.0,0.0,0.0,0.00847,0.0,0.0,0.0,0.0,0.0,0.00304,0.00045,0.09545,0.0149,0.0,0.00544,0.0,0.0,0.0,0.0,0.0,0.0084,0.0,0.0,0.0,0.0,0.0,0.0,0.0,0.0,0.01913,0.0,0.0,0.09362,0.0,0.0,0.01397,0.01664,0.0,0.0,0.0,0.0,0.0,0.0,0.00192,0.01268,0.02022,0.0,0.0,0.75756,0.0,0.0,0.0,0.0,0.0,0.00105,0.0,0.0,0.01918,0.00155,0.0,0.0,0.00835,0.00521,0.0,0.0,0.0,0.0,0.0,0.0,0.0,0.0,0.0,0.0,0.0,65.27257,0.0,0.0,0.0,0.0,0.0,0.0,0.0,1.18994,0.0,0.0,0.0,0.0,3.89582,0.0,0.01395,0.18339,0.0,0.0,0.0,0.0,0.00078,0.0,0.0,0.53139,0.0,0.00391,0.0,0.0,0.0,0.0,0.0,0.0,0.0,0.0,0.0,0.0,0.01322,0.0,0.0,0.0,0.0,0.0,0.00235,0.0028,0.00381,0.0,0.23525,0.0,0.0,0.0,0.33006,0.01608,0.08624,0.02402,0.0,0.0,0.0,0.0,0.0,0.0,0.0,0.0,0.0,0.0,0.0,0.0,0.0,0.0,0.0,0.0,0.0,0.0,0.0,0.01684,0.0,0.0,0.0,0.0,0.0,0.0,0.0,0.0,0.0,0.0,0.0,0.0,0.0,0.0,0.0,0.0,0.0,0.0,0.0,0.0,0.22567,0.0,0.0,0.0,0.0,0.0,0.41619,0.00248,0.03874,0.26452,0.17233,0.05892,0.0,1.05046,0.0,0.0,0.66557,0.0,0.00138,0.66487,0.0,0.00074,0.0,0.0,0.0,0.0,0.0,0.0,0.14611,0.0,0.0,0.0,0.0,0.0,0.0,0.0,0.0,0.0,0.0,0.0,0.0,0.0,0.0,0.00112,0.0,0.0,2.00249,0.19854,0.00184,0.0,0.0,0.00315,0.01107,0.0,0.14631,0.0,0.0,0.00093,0.0,0.0,0.0,0.0,0.29957,0.0,0.0,0.0,0.0,0.17932,0.0,0.0,0.0,0.0,0.0,0.0,0.0,0.1026,0.0,0.0,0.0,0.0,0.0,0.0,0.0,0.0,0.0,0.0,0.0,0.00746,0.0,0.0,0.0,0.0,0.0,0.0,0.0,0.0,0.0,0.0,0.0,0.0,0.02008,0.02563,0.0,0.0,0.0,0.0,0.0,0.0,0.2493,0.0,0.0,0.0,0.0,0.0,0.0,0.0,0.0,0.0,0.0,0.0,0.0,0.0,0.0,0.0
SRR11412933,0.0,0.0,0.0,0.0,0.0,0.0,0.0,0.0,0.0,0.0,0.0,0.0,0.0,0.0,0.0,0.0,0.0,0.0,0.0,0.0,0.0,0.0,0.06097,0.0112,0.0,0.0,0.0,0.00733,0.0,0.0,0.0,0.0,0.0,0.0,0.0,0.0,0.0,0.0,0.0,0.0,1.10689,0.0,0.0,0.0,0.0,0.0,0.00886,0.0,0.0,0.0,0.04237,0.0,0.00442,0.0,0.00315,0.0,2.14841,0.12162,0.0,0.0,0.0,0.0,71.15301,0.01345,0.02546,0.8063,0.0,0.0,0.0,0.0,0.02495,0.0,0.0,0.0,0.0,0.0,0.0,0.0,0.0,0.0,0.0,0.00134,0.0,0.0,0.0,0.0,0.0,0.0,0.0,0.0,0.0,1.81602,0.0,0.0,0.0,0.0,0.0,0.0,0.0,0.0,0.0,0.0,0.0,0.0,0.0,0.0,0.0,0.0,0.0,0.0,0.0,0.0,0.0,0.2107,0.10708,0.0,0.0,0.0,0.0,0.0,0.0,3.90914,0.0,0.0,0.0,0.0,0.0,0.02932,0.0,0.0,0.0,0.0,0.0,0.0,0.0,0.0,0.01014,0.05686,0.0023,0.0,0.0,0.0,0.0,0.0,0.0,0.0,0.0,0.0,0.0,0.0,0.0,0.0,0.0,0.0,0.0,0.0,0.00717,0.0,0.0,0.0,0.0,0.0,0.0,0.0,0.0,0.0,0.0,0.0,0.22509,0.0,0.0,0.0,0.0,0.0,0.0,0.0,0.03131,0.0,0.0,0.00017,0.0,0.0,0.0,0.0,0.0,0.0,0.0,0.0,0.0,0.0,0.0,0.0,3.94904,0.0,0.0,0.0,0.0,0.0,0.0,0.0,0.00178,0.0,0.05183,0.0,0.0,0.0,0.0,0.0,0.0,0.0,0.0,0.0,0.0,0.0,0.0,0.0,0.0,0.0,0.0,0.0,0.0,0.02961,0.0,0.0,0.0,0.0,0.0,0.0,0.0,0.0,0.0,0.0,0.0,0.0,0.0,0.0,0.0,0.0,0.0,0.0,0.0,0.0,0.0,0.0,0.0,0.0,0.0,0.0,0.0,0.00211,0.0,0.0,0.0,0.0,0.0,0.0,0.0,0.0,0.0,0.0,0.0,0.0,0.0,0.0,0.0,0.0,0.0,0.0,0.0,0.0,0.0,0.0,0.0,0.0,0.0,0.0,0.0,0.0,0.0,0.0,10.81571,0.0,0.0,0.0,0.00173,0.0,0.0,0.0,0.0,0.0,0.00187,0.0,0.0,0.0,0.0,0.0,0.0,0.0,0.0,0.02474,0.0,0.0,0.0,0.0,0.0,0.0,0.0,0.0,0.00226,0.0,0.0,0.0,0.0,0.0,0.0,0.0,0.0,0.0,0.0,0.0,0.0,0.0,0.0,0.0,0.0,0.0,0.0,0.0,0.0,0.0,0.0,0.0,0.0,0.0,0.0,0.0,0.0,0.0,3.1387,0.0,0.0,0.0,0.0,0.0,0.0,0.0,0.0,0.0,0.0,0.0,0.0,0.0,0.0,0.0,0.0,0.0,0.0,0.0,0.0,0.0,0.0,0.0,0.0,0.0,0.0,0.0,0.0,0.0,0.0,0.0,0.0,0.01858,0.01702,0.0,0.0,0.0,0.0,0.0,0.0,0.0,0.0,0.0,0.0,0.0,0.0,0.0,0.0,0.0,0.0,0.0,0.0,0.0,0.0,0.0,0.0
SRR11412949,0.0,0.0,0.0,0.0,0.0,0.0,0.0,0.0,0.0,0.0,0.0,0.0,0.0,0.0,0.0,0.0,0.0,0.0,0.0,0.0,0.04634,0.0,0.0,0.37506,0.49253,0.0,0.0,8.26503,0.18241,0.0,0.0,0.03456,0.0,0.11881,0.0,0.12325,0.0,0.0,0.0,0.0,0.14536,0.0,0.0,0.0,0.0,0.0,0.0,0.0,0.0,0.1446,0.00099,0.0,0.0,2.13958,0.0,0.0,2.65253,0.00559,0.0,0.0,0.0,0.0,0.01851,0.76908,5.16928,18.15844,0.0,3.42743,0.0,0.0,0.0,0.0,0.0,0.19698,0.0,0.0,0.0,0.0,0.0,0.00521,0.0,0.14901,0.0,0.0,0.0,0.0,0.25905,0.0,0.0,0.0,0.0,0.0,0.0,0.0,0.0,0.0,0.0,0.00222,0.0,0.0,0.0,0.0,0.0,0.0,0.0,0.0,0.0,0.0,0.0,0.0,0.0,0.02944,0.05174,0.49857,0.0,0.0,0.11298,0.10072,0.0,0.00436,0.0,0.00991,0.01361,0.00209,0.00152,0.0,0.01186,0.0,0.0,0.0,0.0,0.20056,0.0,0.0,0.37154,0.0,0.0,0.40766,0.0,0.20895,0.0023,0.0,0.0,0.0,0.51603,0.0,0.0,0.0,0.0,0.0,0.0,0.62427,0.0,0.0,0.05719,0.0,0.0,0.11058,0.03403,0.09107,0.0011,0.0,0.0,0.0,0.0,0.0,0.0,0.0,0.0,0.0,0.0,0.0,0.0,0.0,0.0,0.0,0.01407,0.0,0.0,0.0,0.39168,0.0,0.00575,0.0,0.0,0.05937,0.0,0.0,0.12401,0.0,0.0,0.0,0.49334,0.0,0.0,0.0,0.0,0.0,0.0,0.0,0.03864,0.0,1.16156,0.0,0.0,0.0,0.27613,0.02004,0.0,0.0,0.0,0.0,0.0,0.0,0.0032,0.0,0.0,0.0,0.0,0.0,0.19709,0.19839,0.0,0.00323,0.0,0.0,0.0,1.56969,0.60822,0.21315,0.0,0.0,0.0,0.0,0.0,0.0,0.0,0.0,0.0,0.0,0.0,0.0,0.0,0.0,0.0,0.0,0.0,0.0,0.0,0.0,0.02593,0.0,0.0,0.0,0.0,0.0,0.0,0.0,0.0,0.0,0.0,0.0,0.0,0.0,0.0,0.0,0.0,0.0,0.0,0.0,0.0,1.04569,0.0,0.0,0.0,0.0,0.0,0.13251,0.0,0.04231,2.3212,0.0,0.0,0.02886,1.49872,0.0,0.0,3.36281,0.0,0.0,0.00085,0.0,3.22101,0.0,0.0,0.0,0.0,0.0,0.0,22.86851,0.0,0.0,0.0,0.0,0.0,1.38333,0.0,9.14676,0.0,0.0,0.0065,0.0,0.0,0.0,0.0,0.0,0.0,0.0,0.0,0.0,0.0,0.0,0.00207,2.27387,0.00553,0.0005,0.0,0.0,0.0,0.0,0.0,0.0,0.0,0.0,0.00982,0.0,0.0,0.0,0.13964,0.0,0.0,0.0,0.0,0.0,0.0,0.0,0.76004,0.0,0.0,0.0,0.0,0.0,0.0,0.0,0.0,0.0,0.0,0.0,0.0,0.0,0.0,0.0,0.0,0.0,0.0,0.0,0.0,0.0,0.0,0.0,0.0,0.0,0.0,0.0,0.0,0.0,0.0,0.0,0.00203,0.0,0.0,0.0,0.0,0.0,0.0,0.0,0.0,0.0,0.0,0.0,0.0,0.0,0.0,0.0,0.0
SRR11412954,0.0,0.0,0.0,0.0,0.0,0.0,0.0,0.0,0.0,0.0,0.0,0.0,0.0,0.0,0.0,0.0,0.0,0.0,0.0,0.0,0.00641,0.07267,0.0,0.0035,0.0,0.0,0.00267,0.74347,0.04328,0.0,0.0,0.0,0.0,0.0,0.0,0.0,0.0,0.0,0.0,0.0,0.10638,0.01856,0.00821,0.49212,0.0,0.0,0.0,0.0,0.0614,0.0,0.0,0.0,0.08039,0.16408,0.0,0.0,0.08002,3.07052,0.01512,0.00833,0.0,0.0,0.88585,0.4553,0.29586,2.7124,0.06186,0.00747,0.0,0.0,0.0,0.0,0.0,0.01454,0.0,0.0,0.0,0.00358,0.0,0.0,0.0,0.00088,0.0,0.0,0.0,0.0,0.03738,0.0,0.0,0.0,0.0,0.0,0.00167,0.0,0.0,0.0,0.0,0.0,0.0,0.0,0.0,0.0,0.0,0.0,0.0,0.0,0.0,0.0,0.0,0.0,0.0,0.0,0.0,0.0,0.0,0.0,0.0,0.0,0.0,0.0,0.0,0.0,0.0,0.0,0.0,0.0,0.0,0.0,0.0,0.0,0.0,0.0,0.0,0.0,0.02967,0.0,0.0,0.0,0.01785,0.0,0.0,0.0,0.0,0.0,0.0,0.0,0.02189,0.0,0.0,0.0,0.0,0.0,0.0,0.0,0.0,0.0,0.0,0.0,0.0,0.0,0.0,0.0,0.0,0.05521,0.0,0.0,0.0,0.0,0.0,0.0,0.0,0.0,0.0,0.0,0.0,0.0,0.01744,0.0,0.0,0.0,0.0,0.0,0.0,0.00353,0.0,0.0,0.0,0.0,0.0,0.0,0.0,0.0,0.15516,0.0,0.0,0.0,0.0,0.0,0.0,0.0,0.0063,0.0,0.0,0.0,0.0,0.0,0.0,0.03036,0.0,0.0,0.0,0.0,0.0,0.0,0.0,0.10921,0.0,0.0,0.0,0.0,0.0,0.0,0.0,0.0,0.0,0.00372,0.0,1.6017,0.09456,0.17606,0.0,0.0,0.0,0.02257,0.0,0.0,0.0,0.0,0.0,0.0,0.0,0.0,0.0,0.0,0.0,0.0,0.0,0.0,0.0,0.0,0.0,0.0,0.0,0.0,0.0,0.00345,0.0,0.0,0.0,0.0,0.02132,0.0,0.0,0.0,0.0,0.0,0.0,0.0,0.00399,0.00394,0.0,0.13158,0.0,0.0,0.0,0.0,0.0,0.06191,0.0,0.0,0.90375,0.00659,0.0,0.00405,0.81213,0.0,0.0,1.44928,0.0,0.0,0.0,0.0,0.42812,0.0,0.0,0.0,0.0,0.0,0.0,58.53969,0.0,0.0,0.0,0.0,0.0,1.00754,0.0,0.0,0.0,5.88737,17.97631,0.0,0.0,0.0,0.0,0.0,0.0,0.0,0.0,0.0,0.0,0.0,0.01311,0.26715,0.00673,0.01234,0.0,0.0,0.0,0.0,0.0,0.0,0.0,0.0,0.0,0.0,0.0,0.0,0.46369,0.0,0.0,0.00073,0.0,0.0,0.0,0.0,0.00562,0.0,0.0,0.0,0.0,0.0,0.0,0.0,0.0,0.0,0.0,0.0,0.0,0.0,0.0,0.0,0.0,0.0,0.0,0.0,0.0,0.0,0.0,0.0,0.0,0.0,0.00038,0.0,0.0,0.0,0.0,0.0,0.00452,0.0,0.0,0.0,0.0,0.01651,0.0,0.0,0.06513,0.04996,0.00858,0.0,0.00282,0.04257,0.0,0.0,0.0
SRR11412973,0.0,0.0,0.0,0.0,0.0,0.0,0.0,0.0,0.0,0.0,0.0,0.0,0.0,0.0,0.0,0.00801,0.0,0.0,0.0,0.0,0.05619,0.0,0.0,0.14472,0.0,0.0,0.0,44.11114,0.16943,0.0,0.0,0.0,0.0,0.0,0.0,0.0,0.00152,0.0,0.0,0.0,3.6137,0.0,0.00289,0.72941,0.0,0.0,0.56045,0.0,0.0,0.0,0.0,0.0,0.11807,2.45436,0.00029,0.02901,0.06332,0.73093,0.56331,0.0,0.0,0.0,0.34353,0.18094,4.70906,4.84143,0.28494,0.0,0.0,0.0,0.00693,0.0,0.0,0.71432,0.0,0.0,0.0,0.00488,0.0,0.0,0.0,0.00316,0.0,0.0,0.0,0.00187,0.00405,0.0,0.0,0.0,0.0,0.0,0.0,0.0,0.0,0.0,0.0,0.0,0.0,0.0,0.0,0.03358,0.0,0.0,0.0,0.0,0.0,0.0,0.0,0.0,0.0,0.0,0.0,0.00125,0.0,0.0,0.04161,0.0,0.0,0.0,0.0,0.0,0.00481,0.0,0.0,0.0,0.0,0.0,0.0,0.0,0.0,0.00386,0.0,0.0,0.19539,0.0,0.0,0.0,0.09374,0.0,0.0,0.0,0.0,0.0,0.0,0.07138,0.10216,0.0,0.0,0.0,0.0,0.0,0.0,0.0,0.0,0.02078,0.04854,0.0,0.0,0.0002,0.0,0.0,0.0,0.02625,0.0,0.0,0.0,0.0,0.0,0.0,0.0,0.0,0.0,0.0,0.0,0.0,0.12211,0.0,0.0,0.30068,0.0,0.0,0.08979,0.0,0.0,0.0,0.49315,0.0,0.21148,0.0,0.0,0.00573,3.42206,0.0,0.0,0.0,0.0,0.0,0.0,0.0,3.25953,0.0,0.10326,0.0,0.0,0.0,0.44282,0.0,0.0,0.0,0.0,0.0,0.0,0.0,0.0,0.0,0.0,0.0,0.0,0.0,0.15882,0.01232,0.0,0.0,0.0,0.0,0.0,0.00454,0.0,0.01561,0.0,0.0,0.0,0.0,0.0,0.0,0.0,0.0,0.0,0.0,0.0,0.0,0.0,0.0,0.0,0.0,0.0,0.0,0.0,0.0,0.0,0.0,0.0,0.0,0.0,0.0,0.0,0.0,0.0,0.0,0.0,0.0,0.0,0.0,0.0,0.0,0.0,0.0,0.0,0.0,0.0,0.83104,0.0,0.0,0.0,0.0,0.0,6.15251,0.0,0.0,4.4565,0.0,0.06736,0.0,1.74514,0.0,0.0,0.75563,0.0,0.10299,5.6415,0.0,0.0,0.0,0.0,0.0,0.0,0.0,0.0,4.36983,0.0,0.0,0.0,0.0,0.0,0.72047,0.0,0.0,0.0,0.0,0.0,0.0,0.0,0.0021,0.0,0.0,0.0,0.0,0.0,0.0,0.0,0.0,0.85186,0.43557,0.0,0.0,0.0,0.0,0.0,0.0,0.0,0.0,0.0,0.0,0.0,0.0,0.0,0.0,0.00958,0.0,0.00267,0.0,0.0,0.0,0.0,0.0069,0.10271,0.0,0.0,0.0,0.0,0.0,0.0,0.0,0.0,0.0,0.0,0.0,0.0,0.0,0.0,0.0,0.0,0.0,0.0,0.0,0.0,0.0,0.0,0.0,0.0,0.00267,0.00243,0.00231,0.0,0.0,0.0,0.0,0.00095,0.0,0.0,0.0,0.0,0.0,0.0,0.0,0.0,0.0,0.0,0.0,0.0,0.0,0.0,0.0,0.0
SRR11412989,0.0,0.0,0.0,0.0,0.0,0.0,0.0,0.0,0.0,0.0,0.0,0.0,0.0,0.0,0.0,0.0,0.0,0.0,0.0,0.0,0.28099,0.0,0.04645,0.17204,0.0,0.0,0.00443,5.08149,0.28197,0.00744,0.0,0.0,0.0,0.0558,0.0,0.00153,0.0,0.0,0.0,0.0,0.0,0.08492,0.0,0.02106,0.0,0.0,0.00827,0.00537,0.05847,0.0,0.0,0.0,0.00216,0.82545,0.0,0.0,0.25253,0.00479,0.0,0.0,0.0,0.0,18.44101,0.12484,22.24498,22.94829,0.15271,0.0,0.0,0.0,0.03587,0.29568,0.0,0.11256,0.0,0.0,0.0,0.01987,0.0,0.0,0.0,0.00207,0.0,0.0,0.0,0.0,0.0749,0.0,0.0,0.0,0.0,0.0,0.0,0.0,0.0,0.0,0.0,0.0,0.0,0.0,0.0,0.0,0.0,0.0,0.0,0.0,0.0,0.0,0.0,0.0,0.0,0.0037,0.02301,0.41808,0.0,0.0,0.01556,0.05573,0.0,0.0,0.0,0.0,0.0,0.0,0.0,0.0,0.0,0.0,0.0,0.00104,0.0,0.0,0.0,0.0,0.21499,0.0,0.0,0.06567,0.19336,0.1958,0.00477,0.0,0.0,0.0,0.0,0.0,0.0,0.0,0.0,0.0,0.0,0.0,0.0,0.0,0.0,0.0,0.0,0.0,0.00528,0.0,0.0,0.0,0.0,0.0,0.0,0.0,0.0,0.0,0.0,0.0,0.0,0.0,0.0,0.0,0.0,0.0,0.77466,0.0,0.0,0.98531,0.00773,0.0,0.0,0.02217,0.0,0.00611,0.0,0.05936,0.0,0.0,0.0,0.00351,7.54703,0.0,0.0,0.0,0.0,0.0,0.0,0.0,0.18961,0.0,0.34198,0.0,0.0,0.0,0.53368,0.0,0.0,0.0,0.0,0.0,0.0,0.0,0.00081,0.0,0.0,0.0,0.0,0.0,0.0,0.001,0.0,0.02703,0.0,0.00746,0.0,0.07486,0.0,0.01053,0.0,0.0,0.0,0.0,0.02355,0.0,0.0,0.0,0.0,0.0,0.0,0.0,0.0,0.0,0.0,0.0,0.0,0.0,0.0,0.0,0.0,0.0,0.0,0.0,0.0,0.56627,0.0,0.03427,0.0,0.0,0.0,0.0,0.0,0.0,0.0,0.0,0.0,0.0,0.0,0.0,0.0,0.26655,0.0,0.0,0.0,0.0,0.0,0.0,0.0,0.0,0.8837,0.00739,0.0,0.0,0.25828,0.0,0.0,4.61974,0.0,0.12908,0.22204,0.0,0.0,0.0,0.0,0.0,0.0,0.0,0.0,0.00363,0.0,0.0,0.0,0.0,0.0,0.0,0.0,0.0,0.0,0.0,0.0,0.0,0.0,1.30352,0.0,0.0,0.0,0.00084,0.0,0.0,0.0,0.0,4.24456,0.0595,0.1054,3.44239,0.0,0.0,0.0,0.0,0.0,0.0,0.0,0.0,0.13839,0.0,0.00769,0.0,0.10619,0.01362,0.0,0.0,0.0,0.0,0.0,0.0,0.02122,0.0,0.0,0.0,0.0,0.0,0.0,0.00113,0.0,0.0,0.0,0.0,0.0,0.0,0.0,0.0,0.0,0.0,0.0,0.0,0.0,0.0,0.0,0.0,0.0,0.00333,0.02119,0.0,0.0,0.0,0.0,0.0,0.0,0.0,0.0,0.055,0.00691,0.0,0.0,0.0,0.0,0.0,0.0,0.0,0.0,0.0,0.0,0.01689,0.0
SRR11413006,0.0,0.0,0.0,0.0,0.0,0.0,0.0,0.0,0.00735,0.0,0.0,0.0,0.0,0.00428,0.00137,2.33857,0.0,0.0,0.0,0.0,0.24932,0.0,0.0,5.74647,0.0,0.0,0.0,4.08908,0.58915,0.03408,0.0,0.0,0.0,0.02132,0.0,0.0,0.63144,0.0,0.00757,0.00629,1.1429,0.0,0.0,1.62101,0.0,0.0,0.0,0.0,2.81823,0.0,0.0,0.0,0.17184,0.0,0.0,0.0,1.07538,11.73307,0.0,0.0,0.0,0.0,0.0052,1.08875,0.78725,7.56584,0.2304,0.0,0.0,0.022,0.00659,0.00825,0.0,0.0,0.0,0.0,0.0,0.03836,0.0,0.0,0.0,0.01681,0.0,0.0,0.0,0.0,0.0,0.0,0.0,0.0,0.0,0.0,0.0,0.0,0.0,0.0,0.0,0.0,0.0,0.0,0.0,0.0,0.0,0.007,0.0,0.0,0.0,0.0,0.0,0.0,0.0,0.0,0.0,0.48882,0.0,0.0,0.40824,0.13551,0.0,0.02118,0.0,0.01851,0.0,0.0,0.0,0.0,0.0,0.0,0.0,0.0,0.0,0.0,0.0,0.0,0.0,0.0,0.0,0.0,1.03812,0.16845,0.00785,0.0,0.0,0.0,0.0,0.0,0.0891,0.0,0.0,0.0,0.0,0.0,0.0,0.0,0.0,0.09899,0.04062,0.0,0.0,0.0,0.0,0.0,0.0,0.0,0.0,0.0,0.0,0.0,0.0,0.0,0.0,0.0,0.00214,0.0,0.0,0.0,1.57585,0.0,0.0,1.38892,0.01569,0.0,0.23335,3.18161,0.0,0.00463,0.0,0.0,0.0,0.0,0.0,0.0,3.56782,0.0,0.0,0.0,0.0,0.0,0.0,0.0,0.0,0.0,1.60592,0.0,0.0,0.0,0.70338,0.07582,0.0,0.0,0.0,0.0,0.0,0.00074,0.0,0.01058,0.01085,0.0,0.0,0.09322,0.0,0.0,0.0,0.0,0.0,0.0,0.0,1.08076,0.06415,0.88407,0.0,0.0,0.0,0.0,0.0,0.0,0.0,0.0,0.71768,0.06962,0.04729,0.012,0.0,0.0,2.59719,0.00048,0.0,0.0,0.0,0.00187,0.0,0.0,0.0,0.0,0.0,0.0,0.0,0.0,0.0,0.26609,0.0,0.0,0.0,0.0,0.0,0.0,0.0,0.0,0.0,0.0,0.0,1.88388,0.0,0.0,0.0,0.0,0.0,0.14361,0.0,0.0,3.99971,0.0,0.0,0.0,1.76065,0.0,0.0,0.0,0.02092,0.0,0.0,0.0,0.0,0.0,0.0,0.0,0.0,0.04333,0.0,16.21996,0.0,0.00114,0.13125,0.01986,0.0,3.26855,0.0,0.0,0.0,7.47017,0.00303,0.0,0.0,0.0,0.0,0.0,0.0,0.0,0.0,0.0,0.0,0.0,0.0,0.0,0.2609,0.3607,0.0,0.0,0.0,0.0,0.0,0.00267,0.00362,0.0,0.0,0.0,0.0,0.0,0.04712,0.0,0.0,0.0,0.0,0.0,0.0,0.16144,0.56478,0.0,0.00622,0.0,0.0,0.0,0.0,0.0,0.0,0.0,0.0,0.00026,0.02262,0.0,0.00079,0.37822,0.00167,0.0,0.0,0.0,0.0,0.0,0.0,0.2154,0.00549,0.10289,0.03503,0.00569,0.0,0.0,0.0,0.02153,0.00853,0.0,0.0,0.0,0.0,0.0074,0.0,0.0,0.00736,0.02126,0.0,0.0,0.0,0.0,0.0,0.0,0.0
SRR11413013,0.81875,0.0,0.00381,0.0,0.0,0.00585,0.00149,0.08671,0.02815,0.00445,0.00289,0.05457,0.00972,0.01576,0.07243,0.0,0.0,0.0,0.0,0.0,0.0,0.0,0.08143,0.0,0.0,0.0,0.0,0.00646,0.0,0.0,0.0,0.0,0.01248,0.0,0.0,0.0,0.0,0.0,0.02817,0.02326,0.30909,0.0,0.0,0.69335,0.14055,0.0,0.0,0.0,0.0,0.0,0.32509,0.0,0.0,0.0,0.0,0.0,0.05086,0.00631,0.0,0.0,0.0,0.0,6.37035,0.04828,0.11535,22.01971,0.0,0.0,0.0,0.00572,8.49993,0.0,0.0,0.0,0.00069,0.1463,0.0,0.0,0.0,0.0,0.0,0.0,0.02774,0.00198,0.0,0.0,0.0,0.0,0.0,0.0,0.0,0.0,0.0,0.0068,0.0,0.0,0.0,0.0,0.0,0.0,0.0,0.02278,0.0,0.00687,0.0,0.05548,0.0,0.0,0.0,0.0,0.0,0.20561,0.0,0.95498,0.0,0.0,0.06314,0.7978,0.0,0.0,0.0,0.02935,0.32815,0.0,0.0,0.0,0.0,0.0,0.0,0.0,0.0,0.0,0.0,0.0,0.0,0.0,0.0,1.32469,4.41879,4.67262,0.17281,0.0,1.13563,0.00356,0.0,0.0,0.0,0.0,0.16167,0.0,0.0,0.0,0.0,0.0,0.0,0.0,0.0,0.0,0.48847,0.0,0.0,0.0,0.0,0.00762,0.01884,0.0,0.0,0.0,0.1046,0.0,0.0,0.0005,0.0,0.0,0.40408,0.0,15.05824,0.0,0.85481,0.0,0.0,0.00713,0.0,0.0,0.0,0.00397,0.0,0.0805,0.00317,0.0,0.02631,0.0,0.00738,0.0,0.0,0.0,0.0,0.0,0.0,0.0,0.0,0.0,4.32643,0.0,0.0,0.00321,0.0,0.0,0.07133,0.0,0.00877,0.00839,0.05039,0.0,0.0207,0.0,0.0,0.0,0.0,0.0,0.0,0.11882,0.0002,0.0,0.0,0.10383,0.0,0.1217,0.00385,0.06318,0.0,0.0,0.0,0.7514,1.7496,0.01784,0.01914,0.0,0.0,0.00361,0.00671,0.00536,0.0,0.0,0.0486,0.0,0.0,0.0,0.0,0.0,0.0,0.0,0.0,0.00849,0.0,1.17118,0.0,0.11258,0.0,0.0,0.0271,0.0,0.0,0.0,0.04876,0.00086,0.0,0.0,0.0,0.0,0.0,0.0,0.04918,0.00647,0.00019,0.0219,0.00233,0.0,0.0,0.0,11.48027,0.0,0.0,0.0,0.0145,0.0,0.0,0.02177,0.00284,0.0,0.21855,0.0,0.0,0.0,0.0,0.0,0.0,0.0,0.0,0.01888,0.0,0.0,0.0,0.0,0.0,0.0,0.0,0.0,0.0,0.0,0.00292,0.0,0.0403,0.0,0.0,0.0,0.0023,0.0,0.0,0.00442,0.00839,0.00125,0.03475,0.0,0.0,0.0,0.0,0.0,0.0,0.0,0.0,0.0115,0.07538,0.0,0.0,0.0,0.0,0.0,4.81311,0.0,0.0,0.0,0.0,0.0,0.0,0.0,0.04271,0.01703,0.02418,0.00249,0.0,0.0,0.0,0.0,0.03406,0.00022,0.0,0.0,0.02102,0.0,0.09177,0.0,0.04289,0.91416,0.0,0.10805,0.04748,0.0,0.01539,0.00241,0.0,0.20601,0.04049,0.0,0.0,0.0,0.00899,0.00646,0.0,0.0,0.0,0.0,0.00556,0.02836,0.0,0.00735,0.00085,0.68947,0.0,0.00548,0.0,0.0,0.0,0.48981,0.0
