sample_id,species:Actinomyces graevenitzii,species:Actinomyces odontolyticus,species:Actinomyces sp HMSC035G02,species:Actinomyces sp ICM47,species:Actinomyces sp S6 Spd3,species:Actinomyces sp oral taxon 181,species:Actinomyces turicensis,species:Adlercreutzia equolifaciens,species:Aeromonas veronii,species:Agathobaculum butyriciproducens,species:Aggregatibacter segnis,species:Akkermansia muciniphila,species:Alistipes finegoldii,species:Alistipes indistinctus,species:Alistipes onderdonkii,species:Alistipes putredinis,species:Alistipes shahii,species:Allisonella histaminiformans,species:Alloprevotella rava,species:Alloprevotella tannerae,species:Anaerococcus lactolyticus,species:Anaerococcus tetradius,species:Anaerococcus vaginalis,species:Anaeroglobus geminatus,species:Anaeromassilibacillus sp An250,species:Anaerostipes caccae,species:Anaerostipes hadrus,species:Anaerotignum lactatifermentans,species:Anaerotruncus colihominis,species:Anaerotruncus sp CAG 528,species:Asaccharobacter celatus,species:Atopobium parvulum,species:Atopobium rimae,species:Bacteroidales bacterium KA00251,species:Bacteroides caccae,species:Bacteroides cellulosilyticus,species:Bacteroides clarus,species:Bacteroides coprocola,species:Bacteroides coprophilus,species:Bacteroides dorei,species:Bacteroides eggerthii,species:Bacteroides faecichinchillae,species:Bacteroides faecis,species:Bacteroides finegoldii,species:Bacteroides fragilis,species:Bacteroides galacturonicus,species:Bacteroides heparinolyticus,species:Bacteroides intestinalis,species:Bacteroides massiliensis,species:Bacteroides nordii,species:Bacteroides oleiciplenus,species:Bacteroides ovatus,species:Bacteroides plebeius,species:Bacteroides salyersiae,species:Bacteroides sp D2,species:Bacteroides sp OM08 11,species:Bacteroides stercorirosoris,species:Bacteroides stercoris,species:Bacteroides thetaiotaomicron,species:Bacteroides uniformis,species:Bacteroides vulgatus,species:Bacteroides xylanisolvens,species:Bacteroides zoogleoformans,species:Barnesiella intestinihominis,species:Bifidobacterium adolescentis,species:Bifidobacterium bifidum,species:Bifidobacterium dentium,species:Bifidobacterium longum,species:Bifidobacterium pseudocatenulatum,species:Bilophila wadsworthia,species:Blastocystis sp subtype 1,species:Blautia coccoides,species:Blautia hansenii,species:Blautia obeum,species:Blautia producta,species:Blautia sp CAG 257,species:Blautia wexlerae,species:Bulleidia extructa,species:Butyricimonas synergistica,species:Butyricimonas virosa,species:Campylobacter concisus,species:Campylobacter gracilis,species:Campylobacter hominis,species:Campylobacter rectus,species:Campylobacter showae,species:Campylobacter ureolyticus,species:Capnocytophaga leadbetteri,species:Catenibacterium mitsuokai,species:Cloacibacillus porcorum,species:Clostridium aldenense,species:Clostridium asparagiforme,species:Clostridium bolteae,species:Clostridium bolteae CAG 59,species:Clostridium celatum,species:Clostridium citroniae,species:Clostridium clostridioforme,species:Clostridium disporicum,species:Clostridium innocuum,species:Clostridium lavalense,species:Clostridium leptum,species:Clostridium methylpentosum,species:Clostridium neonatale,species:Clostridium paraputrificum,species:Clostridium perfringens,species:Clostridium saccharolyticum,species:Clostridium sp CAG 242,species:Clostridium sp CAG 253,species:Clostridium sp CAG 299,species:Clostridium sp CAG 510,species:Clostridium sp CAG 58,species:Clostridium spiroforme,species:Clostridium symbiosum,species:Collinsella aerofaciens,species:Collinsella intestinalis,species:Collinsella stercoris,species:Comamonas kerstersii,species:Coprobacillus cateniformis,species:Coprobacter fastidiosus,species:Coprobacter secundus,species:Coprococcus catus,species:Coprococcus comes,species:Coprococcus eutactus,species:Corynebacterium argentoratense,species:Criibacterium bergeronii,species:Desulfovibrio fairfieldensis,species:Desulfovibrio piger,species:Desulfovibrionaceae bacterium,species:Dialister invisus,species:Dialister pneumosintes,species:Dialister sp CAG 357,species:Dialister succinatiphilus,species:Dielma fastidiosa,species:Dorea formicigenerans,species:Dorea longicatena,species:Dorea sp CAG 317,species:Eggerthella lenta,species:Eikenella corrodens,species:Eisenbergiella massiliensis,species:Eisenbergiella tayi,species:Enorma massiliensis,species:Enterobacter cloacae complex,species:Enterobacter mori,species:Enterococcus asini,species:Enterococcus avium,species:Enterococcus canintestini,species:Enterococcus casseliflavus,species:Enterococcus faecalis,species:Enterococcus faecium,species:Enterococcus hirae,species:Erysipelatoclostridium ramosum,species:Escherichia coli,species:Eubacterium callanderi,species:Eubacterium dolichum CAG 375,species:Eubacterium eligens,species:Eubacterium hallii,species:Eubacterium infirmum,species:Eubacterium nodatum,species:Eubacterium ramulus,species:Eubacterium rectale,species:Eubacterium siraeum,species:Eubacterium sp CAG 180,species:Eubacterium sp CAG 251,species:Eubacterium sp CAG 274,species:Eubacterium sp CAG 38,species:Eubacterium sp OM08 24,species:Eubacterium sulci,species:Eubacterium ventriosum,species:Facklamia hominis,species:Faecalibacterium prausnitzii,species:Faecalicatena orotica,species:Firmicutes bacterium CAG 110,species:Firmicutes bacterium CAG 145,species:Firmicutes bacterium CAG 170,species:Firmicutes bacterium CAG 238,species:Firmicutes bacterium CAG 83,species:Firmicutes bacterium CAG 95,species:Flavonifractor plautii,species:Fretibacterium fastidiosum,species:Fusicatenibacter saccharivorans,species:Fusobacterium hwasookii,species:Fusobacterium mortiferum,species:Fusobacterium naviforme,species:Fusobacterium nucleatum,species:Fusobacterium periodonticum,species:Fusobacterium sp oral taxon 370,species:Fusobacterium ulcerans,species:Fusobacterium varium,species:Gemella bergeri,species:Gemella haemolysans,species:Gemella morbillorum,species:Gemella sanguinis,species:Gemmiger formicilis,species:Gordonibacter pamelaeae,species:Granulicatella adiacens,species:Granulicatella elegans,species:Haemophilus haemolyticus,species:Haemophilus influenzae,species:Haemophilus parahaemolyticus,species:Haemophilus parainfluenzae,species:Haemophilus sp HMSC71H05,species:Helicobacter sp 11 8110,species:Holdemanella biformis,species:Holdemania filiformis,species:Hungatella hathewayi,species:Intestinibacter bartlettii,species:Intestinimonas butyriciproducens,species:Klebsiella pneumoniae,species:Klebsiella quasipneumoniae,species:Klebsiella variicola,species:Lachnoanaerobaculum saburreum,species:Lachnospira pectinoschiza,species:Lachnospiraceae bacterium 2 1 46FAA,species:Lactobacillus amylovorus,species:Lactobacillus crispatus,species:Lactobacillus delbrueckii,species:Lactobacillus fermentum,species:Lactobacillus mucosae,species:Lactobacillus rogosae,species:Lactobacillus ruminis,species:Lactobacillus salivarius,species:Lautropia mirabilis,species:Lawsonibacter asaccharolyticus,species:Leptotrichia sp oral taxon 212,species:Leptotrichia sp oral taxon 215,species:Megamonas funiformis,species:Megamonas hypermegale,species:Megamonas rupellensis,species:Megasphaera elsdenii,species:Megasphaera micronuciformis,species:Methanobrevibacter smithii,species:Mitsuokella sp oral taxon 131,species:Mogibacterium diversum,species:Mogibacterium pumilum,species:Mogibacterium timidum,species:Monoglobus pectinilyticus,species:Odoribacter splanchnicus,species:Olsenella scatoligenes,species:Olsenella uli,species:Oribacterium sp oral taxon 078,species:Oscillibacter sp 57 20,species:Oscillibacter sp CAG 241,species:Parabacteroides distasonis,species:Parabacteroides goldsteinii,species:Parabacteroides gordonii,species:Parabacteroides johnsonii,species:Parabacteroides merdae,species:Paraprevotella clara,species:Paraprevotella xylaniphila,species:Parasutterella excrementihominis,species:Parvimonas micra,species:Parvimonas sp oral taxon 110,species:Parvimonas sp oral taxon 393,species:Peptoniphilus harei,species:Peptoniphilus lacrimalis,species:Peptostreptococcus anaerobius,species:Peptostreptococcus stomatis,species:Phascolarctobacterium faecium,species:Phascolarctobacterium sp CAG 266,species:Phascolarctobacterium succinatutens,species:Porphyromonas asaccharolytica,species:Porphyromonas endodontalis,species:Porphyromonas uenonis,species:Prevotella baroniae,species:Prevotella bivia,species:Prevotella buccae,species:Prevotella buccalis,species:Prevotella copri,species:Prevotella corporis,species:Prevotella dentalis,species:Prevotella denticola,species:Prevotella disiens,species:Prevotella intermedia,species:Prevotella marshii,species:Prevotella melaninogenica,species:Prevotella multiformis,species:Prevotella nigrescens,species:Prevotella oralis,species:Prevotella oris,species:Prevotella oulorum,species:Prevotella sp 885,species:Prevotella sp CAG 1092,species:Prevotella sp CAG 1185,species:Prevotella sp CAG 279,species:Prevotella sp CAG 520,species:Prevotella sp CAG 5226,species:Prevotella sp F0091,species:Prevotella sp oral taxon 376,species:Prevotella sp oral taxon 473,species:Prevotella stercorea,species:Prevotella timonensis,species:Proteobacteria bacterium CAG 139,species:Pseudoramibacter alactolyticus,species:Pyramidobacter piscolens,species:Pyramidobacter sp C12 8,species:Romboutsia ilealis,species:Roseburia faecis,species:Roseburia hominis,species:Roseburia intestinalis,species:Roseburia inulinivorans,species:Roseburia sp CAG 182,species:Roseburia sp CAG 303,species:Roseburia sp CAG 471,species:Rothia dentocariosa,species:Rothia mucilaginosa,species:Ruminococcaceae bacterium D16,species:Ruminococcaceae bacterium D5,species:Ruminococcus bicirculans,species:Ruminococcus bromii,species:Ruminococcus callidus,species:Ruminococcus gnavus,species:Ruminococcus lactaris,species:Ruminococcus obeum CAG 39,species:Ruminococcus sp CAG 330,species:Ruminococcus sp CAG 403,species:Ruminococcus sp CAG 488,species:Ruminococcus sp CAG 579,species:Ruminococcus torques,species:Ruthenibacterium lactatiformans,species:Selenomonas sp FOBRC6,species:Selenomonas sp oral taxon 126,species:Selenomonas sp oral taxon 920,species:Selenomonas sputigena,species:Sellimonas intestinalis,species:Slackia exigua,species:Sneathia amnii,species:Solobacterium moorei,species:Stomatobaculum longum,species:Streptococcus anginosus group,species:Streptococcus australis,species:Streptococcus cristatus,species:Streptococcus gallolyticus,species:Streptococcus gordonii,species:Streptococcus infantis,species:Streptococcus milleri,species:Streptococcus mitis,species:Streptococcus oralis,species:Streptococcus parasanguinis,species:Streptococcus pasteurianus,species:Streptococcus pseudopneumoniae,species:Streptococcus salivarius,species:Streptococcus sanguinis,species:Streptococcus sp F0442,species:Streptococcus sp oral taxon 056,species:Streptococcus thermophilus,species:Streptococcus vestibularis,species:Streptococcus viridans,species:Succinatimonas hippei,species:Sutterella parvirubra,species:Treponema lecithinolyticum,species:Treponema maltophilum,species:Treponema socranskii,species:Treponema vincentii,species:Turicibacter sanguinis,species:Turicimonas muris,species:Tyzzerella nexilis,species:Ureaplasma parvum,species:Veillonella atypica,species:Veillonella dispar,species:Veillonella infantium,species:Veillonella montpellierensis,species:Veillonella parvula,species:Veillonella rogosae,species:Veillonella sp T11011 6,species:Veillonella tobetsuensis,species:Victivallis vadensis
SRR6451254,0.0,0.0,0.0,0.0,0.0,0.0,0.0,0.00042,0.0,0.05222,0.0,0.0,0.21159,0.01152,0.0,11.07274,0.24675,0.0,0.0,0.00442,0.0,0.0,0.0,0.0,0.0,0.0,0.03009,0.0,0.04207,0.0,0.0,0.0,0.0,0.0,0.12893,0.61845,0.0,0.0,0.0,0.0,0.0,0.00038,0.0,0.0,0.0,0.0,0.0,0.08689,3.42694,0.07609,0.0,0.07189,15.29908,0.31576,0.0,0.0,0.0,0.91166,2.06285,14.91694,14.97593,4.73795,0.0,0.0,0.0,0.0,0.0,0.01137,0.01647,0.02863,0.0,0.0,0.0,0.03799,0.0,0.0,0.27299,0.0,0.0,1.1568,0.0,0.0,0.0,0.0,0.0,0.0,0.0,0.0,0.00692,0.0,0.0,0.01067,0.0,0.0,0.00125,0.0,0.0,0.00034,0.0,0.0,0.0,0.0,0.0,0.0,0.0,0.13597,0.0,0.01398,0.0,0.0,0.0,0.00062,0.1269,0.0,0.0,0.0,0.00114,0.0,0.0,0.04127,0.32343,0.0,0.0,0.0,0.0,0.0,0.0,0.0,0.0,0.0,0.0,0.06951,0.11871,0.10301,0.0,0.0,0.0,0.0,0.0,0.0,0.0,0.0,0.0,0.0,0.0,0.0,0.0,0.10694,0.0,0.0,0.014,0.0,0.0,6.07501,0.18612,0.0,0.0,0.0,4.72328,0.0,0.0,0.0,0.0,0.23411,0.0,0.0,0.0181,0.0,2.98943,0.0,0.0,0.0,0.0,0.0,0.0149,0.34292,0.18319,0.0,0.20276,0.0,0.0,0.0,0.00747,0.0,0.01178,0.0,0.0,0.0,0.0,0.00759,0.0,0.0,0.00022,0.0,0.0,0.0,0.0,0.0,0.38823,0.0,0.0,0.0,0.0,0.00271,0.0,0.02155,0.0,0.0,0.0,0.0,0.0,0.0,0.0,0.0,0.0,0.0,0.0,0.0,0.0,0.0,0.0,0.00045,0.0,0.0,0.0,0.0,0.0,0.0,0.0,0.02576,0.0,0.0,0.0,0.0,0.0,1.87786,0.0,0.0,0.0,0.97095,0.11919,1.42662,0.03175,0.0,0.0,0.68449,0.0,0.0,0.00559,0.00314,0.0,0.0,0.0,0.0,0.0,0.0,1.35435,0.0,0.0,0.0,0.0,0.0,0.0,0.0,0.00432,0.0,0.0456,0.0,0.0,0.0,0.0,0.02147,0.0,0.0,0.0,0.0,0.0,0.0,0.0,0.0,0.0,0.0,0.0,0.0,0.0,0.0,0.0,0.0,0.00283,0.0,0.24704,0.0,0.02351,0.00074,0.0,0.58298,0.65384,0.0,3.44416,0.0,0.13791,0.01285,0.0,0.0,0.0,0.0,0.30318,0.41274,0.0,0.02303,0.09373,0.0,0.0,0.0,0.0,0.0,0.00855,0.02931,0.0,0.0,0.0,0.0,0.0,0.0,0.0,0.00113,0.0,0.01232,0.0,0.0,0.0,0.00274,0.0,0.0,0.01976,0.0,0.0,0.0,0.0,0.00778,0.0,0.0,0.0,0.0,0.0,0.0,0.0,0.0,0.0,0.0,0.0,0.0,0.0,0.00185,0.0,0.0,0.0,0.0,0.0,0.0,0.09662,0.0,0.0,0.0,0.0
SRR6451255,0.0,0.0,0.0,0.0,0.0,0.0,0.0,0.0,0.0,0.00285,0.0,0.0,0.19821,0.0992,0.0,0.03797,0.02192,0.0,0.0,0.0,0.0,0.0,0.0,0.0,0.0,0.0,0.0,0.0,0.0,0.0,0.0,0.0006,0.0,0.0,0.68223,0.0,0.0,0.0,0.0,0.73245,0.01934,0.0,0.0,0.0,0.05983,0.0,0.0,0.0,0.51582,0.00301,0.0,0.05309,2.58436,1.06507,0.0,0.0,0.0,1.12006,3.48363,1.64205,9.16081,0.25254,0.0,0.0,0.0,0.0,0.0,0.0,0.0,0.01663,0.0,0.0,0.0,0.0,0.0,0.0,0.00126,0.00132,0.07932,0.04064,0.0,0.0,0.0,0.0,0.0,0.0,0.0,0.0,0.0,0.0,0.00408,0.00721,0.0,0.11113,0.0,0.03426,0.04691,0.0,0.0,0.0,0.0,0.0,0.0,0.02455,0.0,0.0,0.0,0.0,0.0,0.0025,0.0,0.00229,0.09588,0.0,0.0,0.0,0.0,0.0,0.00057,0.01789,0.06501,0.0,0.0,0.0,0.01289,0.0,0.1162,0.16361,0.5344,0.0,0.0,0.0,0.00662,0.04359,0.0,0.0,0.0,0.0,0.0,0.0,0.0,0.00242,0.0,0.0,0.0,0.0,0.0,0.0,0.0,0.00545,0.26417,0.0,0.0,0.0,0.0109,0.0,0.0,0.0,0.0,0.0,0.02859,0.0,0.0,0.0,0.0,0.0,0.0,0.0,0.35404,0.0,0.0,0.0,0.0,0.0,0.16209,0.0,0.09543,0.01535,0.0,0.0,7.39538,0.0,1.56586,0.0,0.0,0.0,0.0,0.00146,0.0,0.0,0.0,0.00064,0.0,0.0,0.0,0.0,0.03046,0.0,0.44405,0.0,0.0,0.42135,0.0,0.00424,0.00115,0.0,0.0,0.0,0.0,0.0,0.0,0.0,0.0,0.0,0.0,0.0,0.0,0.0,0.0,0.0,0.0,0.0,0.0,0.0,0.0,0.0,0.0,0.0,0.0,0.0,0.0,0.0,0.0,0.00254,0.0,0.72957,0.0,0.0,0.0,0.39949,0.01809,0.79095,0.0,0.0,0.0,0.06123,0.0019,0.08753,0.0,0.19928,0.0,0.0,0.0,0.0,0.0,0.05725,0.43067,0.0,0.0,0.0,0.0,0.0,0.0,0.0,0.04266,0.0,43.21957,0.0,0.0,0.0,0.0,0.0,0.0,0.0,0.0,1.99404,0.0,0.03565,0.0,4.03154,0.0,0.0,2.35515,0.0,0.0,0.0,0.02709,0.0,10.01093,0.0,0.0,0.0,0.02015,0.0,0.0,0.0,0.0,0.00675,0.61819,0.0,0.0,0.0,0.0,0.0,0.0,0.0,0.0,0.0,0.0,0.03957,0.0,0.0,0.0,0.0,0.0,0.0,0.14505,0.0,0.0,0.00598,0.0,0.00044,0.0,0.00632,0.0,0.44947,0.0,0.02176,0.0,0.0,0.0,0.03233,0.0,0.00787,0.02246,0.12049,0.0,0.0,0.0,0.0,0.0,0.0,0.0,0.0,0.0,0.0,0.0,0.0036,0.0,0.0,0.00149,0.0,0.01269,0.0,0.02004,0.0,0.0,0.0,0.0,0.0,0.00334,0.0,0.0,0.0,0.0
SRR6451256,0.0,0.0,0.0,0.0,0.0,0.0,0.0,0.0,0.0,0.07469,0.0,0.0,0.0056,0.0,0.0,0.39281,0.11443,0.0,0.0,0.0,0.0,0.0,0.0,0.0,0.0,0.0,0.02162,0.0,0.0,0.0,0.0,0.0,0.0,0.0,1.72028,0.2857,0.0,0.00676,0.0,1.59639,0.0,0.0,0.0,0.0134,0.05428,0.0,0.0,0.02238,0.2685,0.02614,0.0,0.05016,0.0,0.00911,0.0,0.0,0.0,0.30954,0.56522,2.93961,0.06626,0.02249,0.0,0.0,0.0,0.0,0.0,0.0,0.0,0.00782,0.0,0.0,0.0,0.31764,0.0,0.0,0.0129,0.0,0.08307,0.17417,0.0,0.0,0.0,0.0,0.0,0.0,0.0,0.0,0.0,0.0,0.03253,0.06946,0.04679,0.0,0.0524,0.0,0.0,0.0,0.0,0.0,0.0,0.0,0.0,0.04866,0.0,0.0,0.0,0.0,0.0,0.08784,0.0,0.0,0.01984,0.0,0.0,0.0,0.0,0.0,0.12258,0.00082,0.02902,0.0,0.0,0.0,0.0,0.12112,0.0,0.0,0.0,0.0,0.0,0.03414,0.15345,0.49427,0.0,0.03627,0.0,0.00291,0.0,0.0,0.0,0.0,0.0,0.0,0.0,0.0,0.0,0.0,0.0,0.01807,9.05798,0.0,0.0,0.0,0.01812,0.0,0.0,0.11234,0.0,0.00016,1.24197,0.91924,0.0,0.0,0.0,0.0,0.0,0.0,1.20796,0.0,0.0,0.0,0.0,0.0,0.2179,0.02105,0.12755,0.0,0.05288,0.0,0.22173,0.0,0.0,0.0,0.0,0.0,0.0,0.0,0.0,0.0,0.0,0.00291,0.0,0.0,0.0,0.0,0.0,0.0,0.0,0.0,0.0,0.0,0.01845,0.01043,0.0,0.0174,2.53327,0.1189,0.41734,0.0,0.0,0.0,0.11829,0.00484,0.55518,0.0,0.09518,0.0,0.0,0.0,0.0,0.0,0.0,0.0,0.0,0.0,0.0,0.0,0.0,0.0,0.0,0.0,0.0,0.0,0.0,1.25055,0.0,0.0,0.0,1.76458,0.04008,3.11235,0.26354,0.0,0.637,0.34306,0.0,0.14761,0.0,0.0,0.0,0.0,0.0,0.0,0.0,0.0,0.0,0.0,1.27365,0.0,0.0,0.0,0.0,0.0,0.0,0.0,54.28422,0.0,0.0,0.0,0.0,0.0,0.0,0.0,0.0,0.03984,0.0,0.0,0.0,0.0,1.07365,0.0,0.0,5.98004,0.0,0.0,0.0,0.0,0.20076,0.0,0.0,0.0,0.0,0.0,0.0,0.0,0.0,0.05953,0.0,0.0,0.0,0.0,0.0,0.0,0.0,0.0,0.0,0.24686,0.0,0.0,0.36201,0.0,0.0,0.0,0.0,0.0,0.01591,0.02622,0.0,0.0,0.0,0.0,0.0,0.0,0.0,0.0,0.0,0.0,0.0,0.0,0.0,0.0,0.0,0.0,0.0,0.0,0.0,0.0,0.0,0.0,0.0,0.0,0.0,0.0,0.0,0.0,0.0,0.0,0.0,0.0,0.0,0.0,0.0,0.0,0.0,0.0,0.0,0.0,0.0,0.0,1.25629,0.0,0.0,0.0,0.0
SRR6451257,0.0,0.0,0.0,0.0,0.0,0.0,0.0,0.0,0.0,0.04571,0.0,0.0,0.04168,0.02981,0.00611,2.92468,0.37744,0.0,0.0,0.0,0.0,0.0,0.0,0.0,0.0,0.0,0.02546,0.0,0.0,2.19388,0.0,0.0,0.0,0.0,0.08942,0.43132,0.0,0.0,0.0,0.00227,0.0,0.0,0.0,0.0,0.05082,0.0,0.0,1.07673,0.55784,0.26288,0.0,1.57255,0.00453,0.0,0.0,0.0,0.0,0.0,2.00564,8.24898,26.16981,14.9557,0.0,0.0,0.0,0.0,0.0,0.02872,0.04777,0.01401,0.0,0.0,0.0,0.05263,0.0,0.0,0.11224,0.0,0.07847,0.36434,0.0,0.0,0.0,0.0,0.0,0.0,0.0,0.0,0.0,0.0,0.0,0.0,0.0,0.0,0.00477,0.0,0.0,0.0,0.0,0.0,0.0,0.0,0.0,0.0,0.0,0.0,0.0,0.0,0.0,0.00244,0.0,0.02627,0.0,0.0,0.0,0.0,0.0,0.0,0.0,0.01312,0.11646,0.0,0.0,0.0,0.0,0.0,0.0,0.0,0.02,0.0,0.0,0.0,0.01006,0.05012,0.0,0.1682,0.0,0.0,0.0,0.0,0.0,0.0,0.0,0.0,0.0,0.0,0.0,0.0,0.0,0.0,0.117,0.0,0.0,3.00113,0.06645,0.0,0.0,0.01768,10.62894,0.0,0.0,0.0,0.1789,0.0,4.35237,0.0,0.0,0.0,4.17076,0.0,0.0,0.02452,0.0,0.0,0.0,0.0,0.0,0.0,0.25549,0.0,0.0,0.0,0.0,0.0,0.0,0.0,0.0,0.0,0.0,0.0,0.0,0.01651,0.00505,0.0,0.0,0.0,0.0,0.0,0.13063,0.0,0.0,0.0,0.0,0.00301,0.0027,0.0,0.0,0.0,0.0,0.0,0.0,0.0,0.0,0.0,0.0,0.0,0.0,0.0,0.0,0.0,0.0,0.0,0.0,0.0,0.0,0.0,0.0,0.0,0.0,0.0,0.0,0.0,0.0,0.0,0.0,1.4731,0.0,0.0,0.0,0.03173,0.0,1.57352,0.04475,0.0,0.0,0.44871,0.0,0.0,1.45817,0.0,0.0,0.0,0.0,0.0,0.0,0.0,0.06111,0.0,0.0,0.0,0.0,0.0,0.0,0.0,0.00022,0.0,0.04651,0.0,0.0,0.0,0.0,0.0,0.0,0.0,0.0,0.0,0.0,0.0,0.0,0.0,0.0,0.0,0.0,0.0,7.26377,0.0,0.0,0.0,0.00338,0.0,0.06381,0.0,0.0,0.0,0.0,1.2972,0.52739,0.0,0.36009,0.0,0.0,0.0,0.0,0.0,0.0,0.0,0.0,0.03122,0.0,0.1107,0.0,0.0,0.0,0.0,0.0,0.0,0.0,0.03543,0.0,0.0,0.0,0.0,0.0,0.0,0.0,0.0,0.0,0.0,0.0,0.0,0.0,0.0,0.0,0.0,0.0,0.0,0.0,0.0,0.0,0.0,0.0,0.0,0.0,0.0,0.0,0.0,0.0,0.0,0.0,0.0,0.0,0.0,0.0,0.01329,0.0,0.0,0.0,0.0,0.0,0.0,0.00187,0.0,0.0,0.0,0.0
SRR6451258,0.0,0.0,0.0,0.0,0.0,0.0,0.0,0.0,0.0,0.0,0.0,0.0,0.0,0.0,0.0,0.0,0.0,0.0,0.0,0.0,0.0,0.0,0.0,0.0,0.0,0.0,0.0,0.0,0.0,0.0,0.0,0.0,0.0,0.0,0.0,0.0,0.0,0.0,0.0,0.00155,0.0,0.0,0.0,0.0,26.66765,0.0,0.0,0.0,0.0,0.0,0.0,0.00053,0.00589,0.0,0.0,0.0,0.0,0.00194,0.00272,25.39488,0.01865,0.0,0.0,0.0,0.0,0.0,0.10383,0.0,0.0,0.0,0.0,0.00633,0.0,0.0,0.0,0.0,1.05859,0.0,0.0,0.0,0.0,0.0,0.0,0.0,0.0,0.0,0.0,0.0,0.0,0.0,0.0,0.0,0.0,0.0,0.0,0.04098,0.01087,0.1113,0.0,0.0,0.0,0.00731,0.026,0.03195,0.0,0.0,0.0,0.0,0.0,0.0,0.0,0.0,0.0,0.0,0.0,0.0,0.03287,0.0,0.0,0.0,0.0,0.0,0.0,0.0,0.0,0.0,0.0,0.0,0.0,0.0,0.0,0.0,0.0,0.0,0.0,0.0,0.00248,0.0,0.0,0.0,0.0,0.0,0.0,0.0,0.0,0.0,0.0,0.0,0.0,0.98288,4.79969,0.0,0.0,0.0,0.0,0.0,0.0,0.0,0.0,0.0,0.0,0.0,0.0,0.0,0.0,0.0,0.0,0.0158,0.23319,0.0,0.0,0.0,0.0,0.0,0.0,0.0,0.0,0.0,0.0021,0.0,0.0,0.0,0.1384,0.0,0.0,0.0,0.0,0.0,0.0,0.02041,0.00103,0.0,0.0,0.0,0.0,0.0,0.0,0.0,0.00673,0.0,0.0,0.0,1.1397,0.0,0.1028,0.0,0.0,0.0,0.0,0.0,0.0,0.0,0.0,0.0,0.0,0.0,0.0,0.0,0.0,0.0,0.0,0.0,0.0,0.0,0.0,0.0,0.0,0.0,0.0,0.0,0.0,0.0,0.0,0.0,0.0,0.0,0.0,0.0,0.0,0.0,0.0,0.00074,0.0,0.0,0.0,0.0,0.0,0.0,0.0,0.0,0.0,0.0,0.0,0.0,0.0,0.0,0.0,0.0,0.0,0.0,0.0,0.0,0.0,0.0,31.75488,0.0,0.06162,0.0,0.0,0.0,0.0,0.0,0.0,0.0,0.0,0.0,0.0,0.0,0.0,0.0,0.0,0.0,0.0,0.0,0.0,0.0,0.0,0.0,0.00534,0.0,0.0,0.0,0.0,0.0,0.0,0.0,0.0,0.0,0.00187,0.0,0.0,0.0,0.0,0.0,0.0,0.0,0.0,1.18583,0.0,0.0,0.31085,0.0,0.0,0.0,0.0,0.0,0.0,0.0,0.0,0.0,0.0,0.0,0.0,0.0,0.0,0.0,0.0,0.0,0.0,0.0,0.0,0.0,0.00853,0.0,0.0364,0.0,0.0,0.0,0.0,0.0,0.0,0.0,0.0,0.0,0.0,0.0,0.0,0.0,0.0,0.0,0.0,0.0,0.00891,0.0,0.0,0.01396,0.00097,0.00327,0.0064,0.0,5.53224,0.0,0.0,0.09912,0.0
SRR6451259,0.0,0.0,0.0,0.0,0.0,0.0,0.0,0.0,0.0,0.0,0.0,5.2752,0.00089,0.0,0.0,0.0,0.05169,0.0,0.0,0.81699,0.0,0.0,0.0,0.0,0.0,0.0,0.02163,0.0,0.0,0.0,0.0,0.0,0.0,0.0,1.12208,0.0,0.02186,0.0,0.0,0.0,0.0,0.0,0.0,1.50439,4.17405,0.0,0.0,0.22166,0.0,0.0822,0.0,0.36006,0.0047,1.03173,0.0,0.0,0.0,0.00855,6.0403,1.36831,3.79243,0.0,0.0,0.0,0.0,0.0,0.0,0.0,0.0,0.00329,0.1452,0.0,0.0,0.0,0.0,0.0,0.0,0.0,0.05792,0.0724,0.0,0.0,0.0,0.0,0.0,0.0,2.00256,0.0,0.0,0.0,0.0,0.01623,0.0,0.0,0.0,0.0,0.0,0.0,0.0,0.0,0.0,0.0,0.0,0.00368,0.0,0.0,0.0,0.0,0.0,0.0,0.0,0.26679,0.03717,0.0,0.0,0.0,0.0,0.0,0.0,0.0105,0.11894,0.0,0.0,0.0,0.0,0.0,0.0,0.0,0.31379,0.0,0.0,0.0,0.02875,0.02294,0.0,0.0,0.22145,0.0,0.0,0.0,0.0,0.0,0.0,0.00259,0.0,0.04124,0.0,0.02195,0.00671,0.38797,1.49393,0.0,0.0,0.05417,0.01661,0.06521,0.0,0.0094,0.0,0.0,0.0,0.01808,0.0,0.0,0.0,0.0,0.6374,0.0,1.85634,0.0,0.0,0.0,0.0,0.0,0.13575,0.00181,0.16027,0.0,0.00123,0.00082,0.05266,0.0,0.0,0.00547,0.20904,0.0,0.0,0.0,0.01143,0.0,0.0,0.02196,0.0,0.02061,0.0,0.0,0.0,0.0,0.30265,0.05802,0.0,0.13212,0.0,0.06684,0.0,0.0,0.0,0.0,0.0,0.0,0.0,0.0,0.0,0.0,0.0,0.0,0.0,0.0,0.0,0.0,0.0,0.0,0.0,0.0,0.0,0.0,0.0,0.0,0.0,0.0,0.0,0.0,0.0,0.0,0.0,2.87769,0.0,0.0,0.0,1.67309,0.0,7.44249,0.10125,0.0,5.98161,1.71897,0.0,0.0,0.49304,0.05797,0.00116,0.0,0.0,0.0,0.0,0.11847,1.0132,0.0,0.0,0.0,0.0,0.0,0.0,0.0,1.13958,0.0,22.04726,0.0,0.0,0.0,0.0,0.0,0.1815,0.0,0.0,0.0,0.0,0.0,0.0,0.0,0.0,0.0,0.0,0.0,0.0,0.0,0.0006,1.00498,7.54253,0.0,0.01547,0.0,0.0,0.0,0.0,0.0,5.45876,0.0,1.01066,0.0,0.0,0.0,0.0,0.0,0.0,0.0,0.0,0.17275,0.0,0.0,0.0,0.0,0.0,0.0,0.0,0.0,0.0,0.0,0.0,0.0,0.0,0.0,0.0,0.0,0.0,0.0,0.0,0.01022,0.0,0.0,0.0,0.0,0.0,0.0,0.19561,0.0,0.0,0.0,0.0,0.0,0.0,0.0,0.0,0.0,0.0,0.03533,0.0,0.0,0.0,0.0,0.0,0.0,0.0,0.01943,0.06066,0.0,0.0,0.0,0.11544,0.0,4.49766,0.0,0.0,0.0,0.0
SRR6451260,0.01133,0.01468,0.00326,0.0,0.00935,0.00214,0.0,0.0,0.0,0.07571,0.01286,0.00304,0.0,0.0,0.0,0.01444,0.14682,0.0,0.0,0.0,0.0,0.0,0.0,0.01055,0.0,0.0,0.01907,0.0,0.0,0.0,0.0,0.00367,0.00163,0.0,0.14595,0.0,0.0,0.0,0.0,0.91194,0.0,0.0,0.21601,0.80713,0.00985,0.0,0.0,0.0,0.53034,0.0,0.0,0.64164,0.00392,0.0,0.0,0.00106,0.0,0.43076,0.0757,1.46718,12.83348,0.01535,0.0,0.0,0.00928,0.00074,0.95977,0.0,0.0,0.0,0.0,0.0,0.0,0.0,0.0,0.0,0.01673,0.0,0.0,0.0,0.02644,0.0,0.0,0.0,0.0,0.0,0.0,0.0,0.0,0.0,0.0,0.0,0.0,0.0,0.0,0.0,0.0,0.0,0.0,0.0,0.0,0.0,0.0,0.0,0.0,0.0,0.0,0.0,0.0,0.0,0.0,0.0,0.14483,0.0,0.0,0.0,0.0,0.0,0.0,0.03324,0.06481,0.0,0.0,0.0,0.0,0.0,0.0,0.0,0.0,0.0,0.0,0.0,0.03305,0.01496,0.0,0.0,0.0,0.0,0.0,0.0,0.00288,0.0,0.0,0.0,0.0,0.0,0.0,0.00619,0.0,0.0,0.01296,0.0,0.0,0.2394,0.00138,0.0,0.0,0.00949,5.62896,0.0,0.00814,0.0,0.0,0.0,0.0,0.0,0.0,0.0,3.40398,0.0,0.0,0.0,0.0,0.0,0.00315,0.0,0.0,0.0,0.03929,0.0,0.7469,0.0,0.0,0.0,0.00085,0.0,0.0,0.0,0.0,0.01284,0.00383,0.04627,0.0,0.0,0.0,0.00728,0.0,0.00133,0.86946,0.0,0.46311,0.0,0.0,0.0003,0.0,0.0,0.0,0.0,0.0,0.0,0.68429,0.0,0.0,0.0,0.0,0.0,0.0,0.0,0.0,0.03019,0.0,0.0,0.0,0.0,0.01652,0.0,0.0,0.0,0.10889,0.0,0.0,0.0,0.0,0.0,0.0,0.05312,0.0,0.0,0.0,0.06155,0.0,0.15277,0.0,0.0,0.0,0.3913,0.03453,0.04655,0.19675,0.0,0.0,0.0,0.0,0.0,0.0,0.00169,0.02372,0.0,0.0,0.0,0.0,0.0,0.0,0.0,0.10059,0.0,44.68037,0.0,0.0,0.0,0.0,0.18521,0.0,0.0,0.0,0.00135,0.0,0.0,0.0,0.0,0.0,0.0,0.0,0.0,0.0,0.0,0.0,0.0,15.41494,0.0,0.00499,0.0,0.0,0.0,0.0,0.06123,0.09562,0.07315,2.74227,0.0,0.0,0.0,0.00077,0.01346,0.0,0.0,0.0,0.76866,0.0,0.0,0.0,0.0,0.0,0.0,0.0,0.0,0.08754,0.0,0.0,0.0,0.0,0.0,0.0,0.0,0.0,0.0,0.03564,0.01376,0.00087,0.00501,0.0,0.05203,0.00268,0.0,0.05764,0.05224,0.42574,0.0,0.00945,0.38315,0.0,0.00245,0.0,0.0,0.0074,0.0,0.0,0.0262,0.0,0.0,0.0,0.0,0.0,0.002,0.00323,0.0,0.37714,0.00657,0.09572,0.0,0.95198,0.03276,0.01855,0.17508,0.0
SRR6451261,0.0,0.00342,0.0,0.00051,0.0,0.0,0.0,0.0,0.0,0.0,0.0,0.0,0.0,0.04315,0.01816,0.0,0.11007,0.0,0.0,0.0,0.0,0.0,0.0,0.57296,0.0,0.00803,0.0,0.0,0.0,0.0,0.0,0.0,0.01245,0.0,0.5418,0.0,0.0,0.0,0.0,0.0,0.0,0.0,0.0,0.0,9.51219,0.0,0.00713,0.0,0.0,0.0,0.0,0.0,0.0,1.15151,0.0,0.0,0.0,6.54595,2.4899,5.86718,43.46209,2.48604,0.0,0.0,0.0,3.02668,0.44107,4.63751,0.0,0.18566,0.0,0.0,0.0,0.12751,0.0,0.00255,0.40222,0.0,0.0002,0.0027,0.0,0.0239,0.0,0.0,0.0,0.0,0.0,0.0,0.0,0.0,0.07096,0.0,0.0,0.0,0.0,0.04419,0.0,0.02139,0.00093,0.0,0.0,0.0,0.02594,0.0,0.0,0.0,0.0,0.0,0.0,0.0,0.0,1.03627,0.0,0.0,0.0,0.0,0.0,0.0,0.0,0.18943,0.0,0.0,0.0,0.0,0.0,0.0,0.0,0.70686,0.11659,0.0,0.0,0.0,0.0,0.0,0.0,0.16478,0.0,0.0,0.0,0.0,0.0,0.0,0.0184,0.0,0.02708,0.0,0.0137,0.0,0.0,0.17209,0.55535,0.0,0.0,2.65047,0.0,0.02344,0.00191,0.0,0.0,0.0,0.0,0.0,0.0,0.0,0.0,0.0,0.0,0.0,0.66427,0.0,0.0,0.0,0.0,0.0,0.0,0.0,1.12649,0.0036,0.0,0.0,0.0,0.0,0.53107,0.0,0.0,0.0,0.0,0.0,0.0,0.0,0.0,0.0,0.00424,0.0,0.0,0.0,0.0,0.0,0.01072,0.0,0.0,0.0,0.0,0.09635,0.0,0.0,0.04175,0.0,0.02593,0.0007,0.0,0.0,0.0,0.01499,0.0,0.04133,0.0,0.0,0.0,0.15405,0.00336,0.0,0.0,0.0,0.0,0.0,0.0,0.0,0.0205,0.0,0.09735,0.00032,0.00089,0.0,0.0,0.0,0.1008,0.00569,0.02926,0.0,0.0,3.66134,0.0,0.0,0.0,0.0,0.0,0.0,0.0,0.01436,0.0,0.0,0.0,0.0,0.0,0.10538,0.0,0.0,0.0,0.0,0.0,0.0,0.00044,0.0,0.02833,0.0,0.0,0.0,0.0,0.00319,0.0,0.0,0.0,0.0,0.01591,0.00962,0.0,0.0018,0.02132,0.0,0.0,0.0,0.0,0.0,0.0,0.0,0.0,0.0,0.0,0.0,0.0,0.06479,0.43104,0.00057,0.0,0.0,1.33278,0.0,0.0,0.0,0.0,0.0,0.0,0.0,0.0,0.0,0.0,0.0,0.0,1.0064,0.0,0.0,0.0,0.0,0.0,0.0,0.0,0.27152,0.0,0.0,0.0,0.1071,0.0,0.01099,0.0,0.11007,0.0,0.02773,0.0,0.0,1.07552,0.0,0.0,0.0,0.0,0.0,0.01809,0.0,0.0,0.1006,0.0,0.0,0.0,0.0,0.0,0.0,0.0,0.0,0.0,0.0,0.0,0.0,0.0,0.0,0.0,0.0,0.03136,0.03544,0.00625,0.0,0.9821,0.0,0.03001,0.0,0.0
SRR6451262,0.0,0.0,0.0,0.0,0.0,0.0,0.0,0.03667,0.0,0.0,0.0,0.0,7.22633,0.0,0.0,0.00265,1.11853,0.0,0.0,0.0,0.0,0.0,0.0,0.0,0.0,0.0,0.20309,0.0,0.0,0.0,0.00871,0.0,0.0,0.0,2.53231,2.77393,1.63844,0.0,0.0,0.00826,0.0,0.0,0.0,0.0,5.17472,0.0,0.0,0.0,0.0,0.38108,0.0,0.58317,0.00132,0.0,0.0,0.0,0.0,0.0,1.51045,33.33176,21.86897,0.87187,0.0,0.0,0.0,0.0,0.0,0.09197,0.0,0.01014,0.0,0.0,0.0,0.01528,0.0,0.0,0.02724,0.0,0.0,0.0,0.0,0.0,0.0,0.0,0.0,0.0,0.0,0.0,0.0,0.0,0.0,0.00084,0.0,0.0,0.0,0.0,0.0,0.0,0.0,0.0,0.0,0.0,0.0,0.0,0.0,0.0,0.0,0.0,0.0,0.0,0.0,0.0,0.11942,0.0,0.0,0.0,0.0,0.0,0.0,0.01219,0.15745,0.96257,0.0,0.0,0.0,0.0,0.0,0.0,0.0,0.0,0.0,0.0,0.03055,0.03892,0.0,0.0,0.0,0.0,0.0,0.0,0.0,0.0,0.0,0.0,0.0,0.0,0.0,0.0,0.0,0.0,0.22836,0.0,0.0,3.9961,0.04685,0.0,0.0,0.0142,0.0,0.0,0.0,0.0,0.0,0.26359,0.0,0.0,0.25892,0.0,4.12106,0.0,0.0,0.0,0.0,0.0,1.13715,0.13745,0.03401,0.0,0.24352,0.0,0.0,0.0,0.0,0.0,0.0,0.0,0.0,0.0,0.0,0.0,0.0,0.01327,0.0,0.0,0.0,0.0,0.0,0.0,0.02125,0.0,0.0,0.0,0.0,0.0,0.0,0.0,0.0,0.0,0.0,0.0,0.0,0.0,0.0,0.0,0.0,0.0,0.0,0.0,0.0,0.0,0.0,0.0,0.0,0.0,0.0,0.0,0.0,0.0,0.0,0.0,0.0,0.0,0.0,0.0,0.0,0.0,0.0,0.0,0.0,0.71088,0.00068,0.61783,0.0,0.0,0.0,0.0,0.0,0.0,0.01361,0.0,0.0,0.0,0.0,0.0,0.0,0.0,1.53074,0.0,0.0,0.0,0.0,0.0,0.0,0.0,0.0,0.0,0.05063,0.0,0.0,0.0,0.0,0.0,0.0,0.0,0.0,0.0,0.0,0.0,0.0,0.0,0.0,0.0,0.0,0.0,0.0,0.0,0.0,0.0,0.0,0.0,0.56525,0.0,0.0,0.0,0.0,0.0,0.92783,0.13544,1.05294,0.02272,0.0,0.0,0.0,0.0,0.0,0.0,1.43683,0.0,0.00521,0.0,0.48016,0.0,0.88725,0.12074,0.0,0.0,0.0,0.15857,0.0,0.0,0.0,0.0,0.0,0.0,0.0,0.0,0.0,0.0,0.0,0.0,0.0,0.0,0.0,0.0,0.01811,0.0,0.0,0.0,0.0,0.0,0.004,0.0,0.00598,0.0,0.0,0.0,0.0,0.0,0.0,0.0,0.0,0.0,0.0,0.0,0.0,0.0,0.0,0.0,0.0,0.0,0.0,0.0,0.0,0.0,0.0
SRR6451668,0.0,0.0,0.0,0.0,0.0,0.0,0.0,0.0,0.0,0.0,0.0,7.06182,1.24057,0.03652,0.0,0.59623,0.03242,0.0,0.0,0.0,0.0,0.0,0.0,0.0,0.0,0.0,0.53025,0.0,0.04624,0.0,0.0,0.0,0.0,0.0,0.72285,0.0,0.0,1.18664,0.0,0.0,0.0,0.0,0.0,0.0,1.5512,0.0,0.0,0.0,0.0,0.0,0.0,1.33331,0.0,0.0,0.0,0.0,2.62946,0.0,7.79516,9.00328,32.95155,0.07329,0.0,0.32024,0.0,0.0,0.0,0.0,2.58821,0.07763,0.0,0.0,0.0,0.0,0.0,0.01203,0.0,0.0,0.0,0.30169,0.0,0.0,0.01183,0.0,0.0,0.0,0.0,0.0,0.0,0.01926,0.2179,2.02065,0.09167,0.0,0.05907,0.0,0.0,0.43083,0.03873,0.0,0.0,0.11471,0.0,0.0,0.00925,0.0,0.0,0.0,0.0,0.02803,0.0,0.75906,0.0,0.0,0.0,0.0,0.01624,0.0,0.0,0.03213,0.0,0.0,0.0,0.0,0.0,0.0,0.0,0.0,0.0,0.00391,0.0,0.0,0.0,0.27982,0.0,0.11736,0.0,0.0,0.11633,0.0,0.0,0.0,0.0,0.0,0.0,0.0,0.0,0.0,0.0,1.16788,0.0904,0.0,0.0,0.0,0.06816,0.0,0.0,0.0,0.0,0.0,0.65504,0.0,0.0,0.0,0.0,0.0,0.0,0.0,0.75188,0.0,0.0,0.09016,0.04402,0.0,0.32193,0.0,0.7342,0.0,0.0,0.0,0.0,0.0,0.0,0.0,0.0,0.0,0.0,0.0,0.0,0.0,0.0,0.0,0.00944,0.0,0.0,0.0,0.0,0.0,0.0,0.0,0.0,0.0,0.0,0.9872,0.22488,0.01899,0.0,0.0,0.0,0.0,0.0,0.0,0.0,0.0,0.0,0.0,0.0,0.0,0.0,0.0,0.0,0.00302,0.0,0.0,1.34291,0.08467,0.0,0.0,0.0,0.0,0.0,0.0,0.0,0.0,0.0,0.88058,0.0,0.0,0.0,0.1077,0.00314,6.54833,0.0,0.0,0.0,2.6391,0.0,0.0,0.0,0.03893,0.0,0.0,0.0,0.0,0.0,0.00767,0.61079,0.0,0.0,0.0,0.0,0.0,0.0,0.0,0.0,0.0,0.00595,0.0,0.0,0.0,0.0,0.0,0.0,0.0,0.0,0.0,0.0,0.0,0.0,0.0,0.0,0.0,0.0,0.0,0.0,0.0,0.0,0.0,4.05366,0.0,0.0,0.0,0.0,0.0,0.0,0.0,0.0,0.0,0.0,0.0,0.0,0.0,0.0,0.0,0.0,0.0,0.0,1.54183,0.0,2.13323,0.0,0.0,0.0,0.0,0.0,0.0,0.0,0.16667,0.0,0.0,0.0,0.0,0.02535,0.0,0.0,0.0,0.0,0.0,0.0,0.0,0.0,0.0,0.0,0.0,0.0,0.03369,0.0,0.0,0.0,0.0,0.0,0.0,0.0,0.0,0.0,0.0,0.0,0.04183,0.0,0.0,0.0,0.0,0.0,0.0,0.01666,0.0,0.0,0.0,0.0,0.0,0.0,0.0,0.0,0.0,0.09273
SRR6451672,0.0,0.0,0.0,0.0,0.0,0.0,0.0,0.0,0.0,0.0,0.0,0.0,4.03603,0.88686,0.0,0.0,0.0,0.0,0.0,0.0,0.0,0.0,0.0,0.0,0.0,0.0,0.0,0.0,0.0,0.0,0.0,0.0,0.0,0.0,3.5211,0.0272,0.0,7.83737,0.0,0.04081,0.0592,0.0,0.0,0.0,1.84463,0.0,0.0,0.0,0.0,0.0,0.0,0.11693,20.62877,1.97035,0.0,0.0,0.0,5.32665,4.42902,1.16398,10.20279,0.43719,0.0,0.0,0.0,0.0,0.0,0.18272,0.0,0.0,0.0,0.0,0.0,0.02181,0.0,0.0,0.01818,0.0,0.0,0.0,0.0,0.0,0.0,0.0,0.0,0.0,0.0,0.0,0.0,0.00174,0.10777,0.08263,0.0,0.0,0.0,0.01554,0.0,0.0,0.0,0.0,0.0,0.0,0.0,0.0,0.0,0.0,0.0,0.0,0.0,0.0,0.0,0.03721,0.24902,0.0,0.0,0.0,0.0,0.0,0.0,0.00582,0.0,0.0,0.0,0.0,0.0,0.0,0.0,0.0,0.0,0.0,0.0,0.11985,0.0,0.0,0.0,0.0646,0.0,0.0,0.0,0.0,0.0,0.0,0.0,0.0,0.0,0.0,0.0,0.0,0.0,0.01239,0.35839,0.0,0.0,0.0,0.08637,0.0,0.0,0.0,0.0,0.0,0.0,0.0,0.0,0.0,0.0,0.0,0.00508,0.0,1.3684,0.0,0.0,0.0,0.0,0.0,0.0,0.0,3.1287,0.0,0.02524,0.0,0.20033,0.0,0.0,0.0,0.0,0.0,0.0,0.0,0.0,0.0,0.0,0.0,0.0,0.0,0.0,0.0,0.0,0.0,0.0,0.0,0.0,0.0,0.0,0.00932,0.0,0.11573,0.0,0.0,0.0,0.0,0.0,0.09768,0.0,0.0,0.0,0.0,0.0,0.0,0.0,0.0,0.0,0.0,0.0,0.0,1.45675,0.15958,0.0,0.0,0.0,0.0,0.0,0.0,0.0,0.0,0.0,0.41137,0.0,0.0,0.0,0.0,0.0,0.55132,0.08285,0.0,0.0,1.15433,0.0,0.0,0.0,0.0,0.0,0.0,0.0,0.0,0.0,0.0,2.5193,0.0,0.0,0.0,0.0,0.0,0.0,0.0,0.0,0.0,20.31732,0.0,0.0,0.0,0.0,0.0,0.0,0.0,0.0,0.0,0.0,0.0,0.0,0.0,0.0,0.0,0.0,0.0,0.0,0.0,0.0,0.0,0.00263,0.0,0.0,0.0,0.0,0.0,0.0,1.24026,0.0171,0.0,0.0,0.0,0.0,0.0,0.0,0.0,0.0,0.0,0.0,1.32448,0.0,1.54427,0.0,0.0092,0.0,0.0,0.0,0.0,0.0,0.23297,0.0,0.0,0.0,0.0,0.13284,0.0,0.0,0.0,0.0,0.0,0.0,0.0,0.0,0.0,0.0,0.0,0.0,0.0,0.0,0.0,0.0,0.0,0.0,0.0,0.0,0.0,0.0,0.0,0.0,0.0,0.0,0.0,0.0,0.0,0.0,0.0,0.0,0.0,0.0,0.0,0.0,0.0,0.0,0.0,0.0,0.0,0.0
SRR6451673,0.0,0.0,0.0,0.0,0.0,0.0,0.0,0.04473,0.0,0.03542,0.0,1.04459,0.19291,0.01395,0.0,8.44358,0.24258,0.0,0.0,0.0,0.0,0.0,0.0,0.0,0.0,0.0,0.19287,0.0,0.02244,0.0,0.01313,0.0,0.0,0.0,0.35046,0.01622,0.04207,3.75128,0.0,0.0012,0.0,0.0,0.0,0.19928,0.07078,0.0,0.0,0.0,4.08833,0.00087,0.0,0.02788,10.73378,0.52202,0.0012,0.0,0.0,2.75364,2.10261,8.5901,5.97019,0.0187,0.0,2.22753,0.0493,0.49007,0.0,0.05408,0.05145,0.07838,0.0,0.0,0.0,0.0,0.0173,0.0,0.36422,0.00113,1.17235,0.17026,0.0,0.0,0.0,0.0,0.0,0.0,0.0,0.0,0.0,0.0,0.0,0.05255,0.0,0.0,0.0051,0.0,0.0,0.0,0.0,0.0,0.0,0.0,0.0,0.0,0.0,0.0,0.0,0.0,0.0,0.0,0.04267,0.11784,0.2597,0.00898,0.00041,0.0,0.0,0.16662,0.0,0.0,0.0,0.0,0.0,0.0,0.0,0.0,0.0,0.0,0.01272,0.0,0.0,0.0,0.14725,0.0,0.09392,0.02869,0.0,0.0,0.00952,0.0,0.0,0.0,0.0,0.0,0.0,0.0,0.0,0.0,0.0,0.0,0.02348,0.0,0.0,2.57918,0.25978,0.0,0.0,0.02865,1.13813,0.04673,0.0,0.23779,0.07017,0.48206,0.0,0.0,0.0,0.0,2.94248,0.0,0.0,0.14946,0.0,0.0,0.57866,0.0,0.26418,0.0,0.49725,0.0,8.77295,0.0,0.0,0.01581,0.81959,0.0,0.0,0.0,0.0,0.03964,0.0,0.0,0.00221,0.0,0.0,0.0,0.0,0.0,0.0,0.0,0.0,0.0,0.0,0.05518,0.0,0.0,0.0,0.0,0.0,0.0,0.8413,0.0,0.0,0.0,0.0,0.0,0.0,0.0,0.0,0.0,0.0,0.02327,0.0,0.0,0.64129,0.03278,0.0,0.0,0.0,0.0,0.0,0.0,0.0,0.0,0.0,1.68112,0.0,0.0,0.0,0.0,0.0,7.80457,0.09735,0.0,0.0,5.49804,0.06519,0.24602,0.08659,0.22715,0.0,0.0,0.0,0.02838,0.0,0.02631,0.41771,0.0,0.0,0.1837,0.0,0.04563,0.0,0.0,0.0,0.0,2.70783,0.0,0.0,0.0,0.0,0.0,0.0,0.0,0.0,0.0,0.0,0.0,0.0,0.0,0.0,0.00896,0.0,0.0,0.0,0.0,0.0,0.0,0.0,0.0,0.93761,0.0,0.00548,0.0,0.0,1.0434,0.02727,0.00684,2.02128,0.0,0.0,0.0,0.0,0.0,0.0,0.0,0.0,0.58638,0.0,0.05142,0.0,0.0,0.0,0.0,0.0,0.0,0.0,0.1604,0.0,0.0,0.0,0.0,0.1817,0.0,0.0,0.06991,0.0,0.0,0.0,0.0,0.0,0.0,0.0,0.0,0.00704,0.0,0.0,0.0,0.0,0.0,0.0,0.0,0.0,0.0,0.0,0.0,0.06963,0.0,0.0,0.0,0.0,0.0,0.0,0.04412,0.0,0.0,0.0,0.0,0.0,0.01212,0.0,0.0,0.0,0.0,0.0
SRR6451674,0.0,0.0,0.0,0.0,0.0,0.0,0.0,0.0,0.0,0.02344,0.0,0.0,0.08073,0.1278,0.0,5.48281,0.03894,0.0,0.0,0.0,0.0,0.0,0.0,0.0,0.0,0.0,0.00997,0.0,0.0,0.0714,0.0,0.0,0.0,0.0,0.01335,0.00391,0.0,0.05634,0.0,0.49968,0.0,0.00034,0.0,0.48415,0.0,0.0,0.0,0.00392,0.0,0.00554,0.0,0.14038,4.84618,1.17555,0.0,0.0,0.0,0.09138,1.7545,0.51432,2.74612,0.51585,0.0,0.21221,0.00066,0.0,0.0,0.00924,0.0,0.0,0.16392,0.0,0.0,0.03151,0.0,0.0,0.07027,0.0,0.0,0.35058,0.0,0.0,0.0,0.0,0.0,0.0,0.0,0.02488,0.0,0.0,0.0,0.0,0.0,0.0,0.0,0.0,0.0,0.0,0.0,0.0,0.0,0.0,0.0,0.0,0.0,0.0,0.0,0.0,0.23509,0.0,0.0,0.0,0.1531,0.0,0.0,0.00812,0.0,0.40478,0.0047,0.01909,0.18452,0.0,0.0,0.0,0.0,0.0,0.0,0.0,0.00123,1.36117,0.0,0.0,0.15608,0.12297,0.0,0.0,0.0,0.0,0.0,0.0,0.0,0.0,0.0,0.0,0.0,0.0,0.0,0.0,0.0,0.0,0.2926,0.0,0.0,0.15977,0.18909,0.0,0.0,0.06607,2.79927,0.26571,0.47637,0.03758,0.0,0.01224,0.0,0.0,0.14947,0.0,6.31114,0.0,0.1816,0.0,0.0285,0.13052,0.47938,0.00722,0.0,0.0,0.05965,0.0,0.0,0.0,0.0,0.0,0.0,0.0,0.0,0.0,0.0,0.0,0.0,0.15355,0.0,0.0,0.0,0.0,0.0,0.0,0.0,0.0,0.0,0.0,0.0,0.0,0.0,0.0,0.0,0.0,0.0,0.0,0.19622,0.0,0.0,0.0,0.0,0.0,0.0,0.01819,0.0,0.0,0.0,0.0,0.0,0.0,1.03197,0.22559,0.0,0.0,0.0,0.08847,0.0,0.0,0.0,0.0,0.0,1.31979,0.0,0.0,0.0,1.54063,0.15193,0.72886,0.11676,0.0015,0.0,2.24684,0.0,0.0,0.00215,0.0,0.0,0.0,0.0,0.0,0.0,0.0,0.39006,0.00128,0.0,0.0,0.0,0.0,0.0,0.0,0.0,0.0,50.9679,0.0,0.0,0.0,0.0,0.0,0.0,0.0,0.0,0.0,0.0,0.0,0.0,0.0,0.0,0.0,2.68087,0.0,0.0,0.0,0.0,0.0,0.00319,0.0,0.0,0.0,0.0,0.0,0.0,0.08392,0.4637,0.07959,0.1725,0.00675,0.0,0.0,0.0,0.0,0.0,0.0,0.31778,0.0344,0.02321,0.0,0.17032,0.0,0.0,0.0,0.89877,0.01248,2.0156,0.0,0.0,0.0,0.0,0.0,0.0,0.0,0.0,0.0,0.0,0.0,0.0,0.0,0.0,0.0,0.0,0.0,0.00835,0.0,0.0,0.0,0.0,0.0,0.0,0.0,0.0,0.0,0.0,0.0,0.0,0.0,0.0,0.0,0.0,0.0,0.0,0.0,0.0,0.0,0.0,0.0,0.0,0.0,0.0,0.0,0.0,0.0,0.0
SRR6451675,0.0,0.0,0.0,0.0,0.0,0.0,0.0,0.0,0.0,0.01761,0.0,0.04998,0.0,0.0,0.0,0.0,0.0,0.03352,0.0,0.0,0.0,0.0,0.0,0.0,0.0,0.0,0.54528,0.05795,0.0,0.0,0.0,0.0,0.0,0.0,8.70192,0.85369,0.0,0.0,0.0,55.92076,0.0,0.0,0.0,0.0,0.00603,0.0,0.0,0.0,0.0,0.0,0.0,1.42946,0.00409,0.0,0.0,0.0,0.0,0.0,1.43916,7.07244,0.0217,0.18379,0.0,0.0,0.0,0.0,0.0,0.0,0.0,0.14538,0.0,0.00027,0.01871,0.0,0.0,0.14361,0.00756,0.0,0.0,0.0,0.0,0.0,0.0,0.0,0.0,0.0,0.0,0.0,0.0,0.0,0.0,0.34317,0.00802,0.0,0.0029,0.09416,0.0,0.28211,0.01968,0.0,0.0,0.0,0.0,0.0,0.0,0.0,0.0,0.0,0.0,0.0,0.0,0.32988,0.0,0.0,0.0,0.0,0.0,0.0,0.0,0.0,0.0,0.0,0.0,0.0,0.0,0.0,0.0,0.0,0.0,0.0,0.0,0.0,0.0,0.0,0.0,0.20688,0.0,0.0,0.0,0.0,0.0,0.0,0.0,0.0,0.0,0.0,0.0,0.0,0.0,0.03112,0.11394,0.0,0.0,0.0,0.31159,0.0,0.0,0.0,0.0,0.0,0.0,0.0,0.54677,0.205,0.0,0.0,0.01699,0.0,1.37412,0.0,0.0,0.0,0.0,0.0,0.0,0.0,1.30709,0.0,0.0,0.0,0.0,0.0,0.0,0.0,0.0,0.30169,0.0,0.0,0.0,0.0,0.0,0.0,0.01152,0.0,0.0,0.0,0.0,0.0,0.0,0.0,0.0,0.0,0.0,0.06559,0.05382,0.0,0.0,0.0,0.0,0.0,0.0,0.0,0.0,0.0,0.0,0.0,0.0,0.0,0.0,0.0,0.0,0.0,0.0,0.0,0.0,0.0,0.0,0.0,0.0,0.0,0.0,0.0,0.0,0.0,0.0,0.0,0.0,0.0,0.0,0.0,0.0,4.94754,0.0,0.0,0.0,2.54695,0.0,0.0,0.49038,0.0,0.0,0.0,0.0,0.0,0.0,0.0,0.31672,0.0,0.0,0.0,0.0,0.0,0.0,0.0,0.0,0.0,0.04248,0.0,0.0,0.0,0.0,0.0,0.0,0.0,0.0,0.0,0.0,0.0,0.0,0.0,0.0,0.0,0.0,0.0,0.0,0.0,0.0,0.0,3.04056,0.0,3.96819,0.0,0.0,0.0,0.0,0.0,0.0,0.0,0.0,0.0,0.0,0.0,0.0,0.0,0.0,0.0,0.0,0.42431,0.0,1.62938,0.0,0.0,0.0,0.0,0.0,0.0,0.0,0.08739,0.0,0.0,0.0,0.0,0.0629,0.0,0.0,0.0,0.0,0.0,0.0,0.0,0.0,0.0,0.0,0.0,0.0,0.0,0.0,0.0,0.0,0.0,0.0,0.0,0.0,0.0,0.0,0.0,0.0,0.0,0.0,0.0,0.0,0.0,0.0,0.05906,0.09187,0.0,0.0,0.0,0.0,0.0,0.0133,0.0,0.0,0.0,0.0
SRR6451676,0.0,0.0,0.0,0.0,0.0,0.0,0.0,0.0,0.0,0.0,0.0,0.0,0.0,0.0,0.0,0.0,0.0,0.00621,0.0,0.0,0.0,0.0,0.0,0.0,0.0,0.0,0.0,0.0,0.0,0.0,0.0,0.0,0.0,0.0,17.25095,0.0,0.0,45.45115,0.0,0.0071,0.0,0.0,0.0,0.0,0.0,0.0,0.0,0.06567,0.01674,0.0,0.0,0.67356,0.00087,0.0,0.0,0.0,0.0,2.39696,13.16653,0.23112,2.13437,2.29682,0.0,0.0,0.0,1.15943,0.0,2.04021,0.0,0.1524,0.0,0.0,0.0,0.0,0.0,0.0,0.7187,0.0,0.0,0.0,0.0,0.0,0.0,0.0,0.0,0.0,0.0,0.0,0.0,0.00189,0.0,0.0,0.0,0.0,0.0,0.24702,0.0,0.03367,0.0,0.0,0.0,0.0,0.0,0.0,0.0,0.0,0.0,0.0,0.0,0.0,0.0,0.19741,0.0,0.0,0.0,0.0,0.04267,0.0,0.0,0.0,0.0,0.0,0.00918,0.0,0.0,0.0,0.0,0.0,0.0,0.0,0.0,0.0,0.0,0.0,0.0,0.0,0.0,0.0,0.08315,0.0,0.0,0.0,0.0,0.0,0.0,0.0,0.0,0.0,0.0,0.18362,1.5167,0.0,0.0,0.0,0.02205,0.00081,0.0,0.0,0.0,0.0,0.0,0.0,0.0,0.36131,0.0,0.0,0.0,0.0,0.0,0.0,0.0,0.0,0.0,0.0,0.0,0.0,3.2376,0.0,0.0,0.0,0.0,0.0,0.0,0.0,0.0,0.0,0.0,0.0,0.0,0.0,0.0,0.0,0.03591,0.0,0.0,0.0,0.0,0.0,0.0,0.0,0.0,0.0,0.0,0.52811,0.05897,0.0,0.0,0.0,0.0,0.0,0.0,0.0,0.0,0.0,0.0,0.0,0.05087,0.0,0.0,0.0,0.0,0.0,0.0,0.0,0.0,0.0,0.0,0.33846,0.05203,0.0,0.0,0.0,0.0,0.0,0.0,0.0,0.0,0.0,0.0,0.0,0.0,0.15193,0.0,0.0,0.0,0.0,0.0,0.0,0.0,0.0,0.0,0.0,0.0,0.0,0.0,0.0,3.34586,0.0,0.0,0.0,0.0,0.0,0.0,0.0,0.0,0.0,0.07631,0.0,0.0,0.0,0.0,0.0,0.0,0.0,0.0,0.0,0.0,0.0,0.0,0.0,0.0,0.0,0.0,0.0,0.0,0.0,0.0,0.0,0.0018,0.0,0.0,0.0,0.0,0.0,0.0,0.0,0.0,0.07212,0.0,0.0,0.0,0.0,0.0,0.0,0.0,0.0,0.0,0.0,0.0,0.58217,0.0,0.0,0.0,0.0,0.0,0.0,0.0,0.91466,0.0,0.0,0.0,0.0,0.03487,0.0,0.0,0.0,0.0,0.0,0.0,0.0,0.0,0.0,0.0,0.0,0.0,0.0,0.0,0.0,0.0,0.0,0.0,0.0,0.0,0.0,0.0,0.0,0.0,0.0,0.0,0.0,0.0,0.0,0.0,0.0,0.0,0.0,0.0,0.0,0.0,0.0,0.05001,0.0,0.0,0.0,0.0
SRR6451677,0.0,0.0,0.0,0.0,0.01029,0.0,0.0,0.0,0.0,0.0,0.0,0.0,1.08638,0.0,0.0,5.95534,0.35091,0.0,0.0,0.0,0.0,0.0,0.0,0.0,0.0,0.0,0.48541,0.0,0.03854,0.0,0.0,0.0,0.0,0.0,0.95995,5.18219,0.0,0.0,0.0,0.0,0.0,0.0,0.0,0.0,0.01954,0.0,0.0,0.0,5.43193,0.0,0.0,3.7694,0.0,0.0,0.0,0.0,0.0,0.0,9.0345,6.33563,35.11226,8.26979,0.0,0.0,0.0,0.0,0.0,0.08545,0.0,0.11396,0.0,0.0,0.0,0.0,0.0,0.0,0.03964,0.0,0.0,0.0,0.0,0.0,0.0,0.0,0.0,0.0,0.0,0.0,0.0,0.0673,0.0,0.72012,0.01036,0.0,0.06738,0.0,0.0,0.09546,0.03988,0.0,0.0,0.0,0.0,0.0,0.0,0.0,0.0,0.0,0.0,0.0,0.0,0.2762,0.03327,0.0,0.0,0.0,0.0,0.0,0.0,0.0,0.00714,0.0,0.0,0.0,0.0,0.0,0.0,0.0,0.0,0.0,0.0,0.0,0.0,0.00384,0.0,0.02525,0.0,0.0,0.0353,0.0,0.0,0.0,0.0,0.0,0.0,0.0,0.0,0.0,0.0,0.56934,1.24981,0.0,0.0,0.0,0.0,0.0,0.0,0.0,0.0,0.0,0.0,0.0,0.0,0.0,0.0,0.0,0.0,0.0,0.48362,0.11316,0.0,0.0,0.0,0.0,0.15437,0.0,0.14902,0.0,0.0,0.0,0.0,0.0,0.0,0.0,0.0,0.0,0.0,0.0,0.0,0.0,0.0,0.0,0.00966,0.0,0.0,0.0,0.0,0.0,0.0,0.0,0.0,0.00035,0.06396,0.27105,0.05383,0.0,0.0,0.0,0.0,0.0,0.0,0.0,0.0,0.0,0.0,0.0,0.0,0.0,0.0,0.0,0.0,0.0,0.0,0.0,0.0,0.0,0.0,0.0,0.0,0.0,0.0,0.0,0.0,0.0,0.0,0.0,0.0,0.0,0.0,0.0,0.36385,5.92528,0.0961,0.0,0.0,0.0,0.0,0.0,0.0,0.0,0.0,0.0,0.0,0.0,0.0,0.0,0.86164,0.0,0.0,0.0,0.0,0.0,0.0,0.0,0.05323,0.0,0.06425,0.0,0.0,0.0,0.0,0.0,0.0,0.0,0.0,0.0,0.0,0.0,0.0,0.0,0.0,0.0,0.0,0.0,0.0,0.0,0.0,0.0,0.0,0.0,0.0,0.0,0.0,0.0,0.0,0.0,0.0,0.0,0.0,0.0,0.0,0.0,0.0,0.0,0.0,0.0,0.0,0.0,0.0,0.0,0.0,0.0,0.0,0.0,0.0,0.0,0.0,0.44218,0.0,0.0,0.0,0.0,0.0,0.0,0.0,0.0,0.0,0.0,0.0,0.0,0.0,0.0,0.0,0.0,0.00384,0.0,0.05149,0.0,0.0,0.0,0.0,0.0,0.0,0.0,0.0,0.0,0.0,0.0,0.0,0.0,0.0,0.0,0.0,0.0,5.33002,0.0,0.0,0.0,0.0,0.0,0.02738,0.0,0.0,0.0,0.0
SRR6451678,0.0,0.0,0.0,0.0,0.0,0.0,0.0,0.0,0.0,0.0,0.0,0.0,2.06117,0.0,0.0,0.0,0.0,0.0,0.0,0.0,0.0,0.0,0.00201,0.0,0.0,0.0,0.0,0.0,0.05662,0.0,0.0,0.0,0.0,0.0,0.00147,1.57224,0.0,0.0,0.0,1.75454,0.0,0.0,0.0,0.0,0.04006,0.0,0.0,0.0,0.0,0.2605,0.0,17.99183,0.00329,0.0,0.0,0.0,0.0,3.15113,40.50684,9.19309,12.55262,0.0082,0.0,0.0,0.0,0.0,0.0,0.0,0.0,0.07676,0.0,0.0,0.01362,0.0,0.0,0.0,0.00121,0.0,0.0,0.0,0.0,0.0,0.0,0.0,0.0,0.0,0.0,0.0,0.0,0.0,0.0,0.28429,0.0,0.0,0.0021,0.08929,0.0,0.39133,0.0,0.0,0.0,0.0,0.0,0.0,0.11751,0.0,0.0,0.0,0.0,0.0,0.02301,0.10113,0.0,0.0,0.0,0.0,0.0,0.0,0.0,0.0,0.0,0.0,0.0,0.0,0.0,0.0,0.0,0.0,0.0,0.0,0.0,0.0,0.0,0.0,0.0,0.06113,0.0,0.0,0.0,0.0,0.0,0.0,0.0,0.0,0.0,0.0,0.0,0.0,0.0,0.0916,0.12732,0.0,0.0,0.00826,0.0,0.0,0.0,0.0,0.0,0.0,0.0,0.0,0.56587,0.85271,0.0,0.0,0.0,0.0,0.0,0.0,0.0,0.0,0.0,0.0,0.0,0.0,1.42369,0.0,0.10093,0.0,0.00131,0.0,0.00503,0.00315,0.21398,0.11568,0.0,0.0,0.0,0.00267,0.0,0.0,0.00022,0.0,0.0,0.0,0.0,0.0,0.0,0.0,0.0,0.0,0.0,0.27104,0.50861,0.0,0.0,0.0,0.0,0.0,0.0,0.0,0.0,0.0,0.0,0.0,0.0,0.0,0.0,0.0,0.0,0.0,0.0,0.0,0.0,0.0,0.0,0.0,0.0,0.0,0.0,0.0,0.0,0.0,0.0,0.0,0.0,0.0,0.0,0.0,0.0,0.98244,0.0,0.0,0.0,0.51242,0.0,0.0,0.0,0.01289,0.0,0.0,0.0,0.0,0.0,0.00327,0.10733,0.0,0.0,0.0,0.0,0.0,0.0,0.0,0.0,0.0,0.06329,0.0,0.0,0.0,0.07128,0.0,0.0,0.0,0.0,0.0,0.0,0.0,0.0,0.0,0.0,0.0,0.0,0.0,0.0,0.0,0.0,0.0,0.0,0.0,0.0,0.0,0.0,0.0,0.0,0.0,0.0,0.0,0.0,0.0,0.0,0.0,0.0,0.0,0.0,0.0,0.03367,0.0,0.0,0.48542,0.0,0.0,0.0,0.0,0.0,0.0,0.0,0.21099,0.0,0.0,0.0,0.0,0.01403,0.0,0.0,0.0,0.0,0.0,0.0,0.0,0.0,0.0,0.0,0.0,0.0,0.0,0.0,0.03282,0.0,0.0,0.0,0.0,0.0,0.0,0.0,0.0,0.0,0.0,0.0,0.0,0.0,0.0,0.0,0.0,0.03802,0.0,0.0,0.0,0.0,0.0,2.82304,0.0,0.0,0.0,0.0
SRR6451679,0.0,0.0,0.0,0.0,0.0,0.0,0.0,0.0,0.0,0.0,0.0,0.0,0.0,0.0,0.0,0.0027,0.0,0.0,0.0,0.0,0.0,0.0,0.0,0.0,0.0,0.0,0.0,0.0,0.0,0.0,0.0,0.0,0.0,0.0,0.00404,0.0,0.0,0.0,0.0,0.00069,0.0,0.0,0.0,0.0,0.00043,0.0,0.0,0.0,0.00288,0.0,0.0,0.00131,0.5177,0.0,0.0,0.0,0.0,0.01956,0.00877,0.01233,0.01471,0.0,0.0,0.0,0.0,0.0,0.0,0.0,0.0,0.0,0.0,0.0,0.0,0.0,0.0,0.0,0.07047,0.0,0.0,0.0,0.0,0.0,0.0,0.0,0.0,0.0,0.0,0.0,0.0,0.0,0.0,0.0,0.0,0.0,0.0,0.0,0.0,0.0,0.0,0.0,0.0,0.0,0.0,0.0,0.0,0.0,0.0,0.0,0.0,0.0,0.0,0.0,0.20883,0.0,0.0,0.0,0.0,0.0,0.0,0.0,0.0,0.0,0.0,0.0,0.0,0.0,0.0,0.0,0.0,0.0,0.0,0.0,0.0,0.01941,0.0,0.0,0.0,0.0,0.0,0.0,0.0,0.0,0.0,0.0,0.0,0.0,0.0,0.0,0.0,0.0,0.0953,0.0,0.0,0.0,0.0,0.0,0.0,0.05649,0.0,0.0,0.0,0.0,0.0,0.0,0.0,0.0,0.0,0.0,0.17238,0.0,0.0,0.0,0.0,0.0,0.0,0.0,0.00656,0.0,0.00759,0.0,0.0,0.0,0.0,0.0,0.0,0.0,0.0,0.0,0.0,0.0,0.0,0.0,0.0,0.0,0.0,0.0,0.0,0.0,0.0,0.0,0.0,0.0,0.0,0.0,0.0,0.0,0.0,0.0,0.0,0.0,0.0,0.0,0.0,0.0,0.0,0.0,0.0,0.0,0.0,0.0,0.0,0.0,0.0,0.0,0.0,0.0,0.0,0.0,0.0,0.0,0.0,0.0,0.0,0.0,0.0,0.0,0.0,0.0,0.0,0.0,0.0,0.00313,0.0,0.0,0.0,0.0,0.0,0.0,0.0,0.0,0.0,0.0,0.0,0.0,0.0,0.0,0.03257,0.0,0.0,0.00209,0.0,0.0,0.0,0.0,0.0,0.0,98.62224,0.0,0.0,0.0,0.0,0.0,0.0,0.0,0.0,0.0,0.0,0.0,0.0,0.0,0.0,0.0,0.0,0.0,0.0,0.0,0.0,0.0,0.00134,0.0,0.0,0.0,0.0,0.0,0.0,0.0,0.0,0.0,0.04692,0.0,0.0,0.0,0.0,0.0,0.0,0.0,0.0,0.0,0.0,0.01033,0.0,0.0,0.0,0.0,0.0,0.0,0.0,0.0,0.0,0.0,0.0,0.0,0.0,0.0,0.0,0.0,0.0,0.0,0.0,0.0,0.0,0.0,0.0,0.0,0.00029,0.0,0.0,0.0,0.0,0.0,0.0,0.0,0.0,0.0,0.0,0.0,0.0,0.01644,0.0,0.0,0.0,0.0,0.0,0.0,0.0,0.0,0.0191,0.0,0.0,0.0,0.02259,0.0,0.00081,0.0,0.0
SRR6451680,0.0,0.0,0.0,0.0,0.0,0.0,0.0,0.0,0.0,0.0,0.0,0.0,0.0,0.0,0.0,0.0,0.01617,0.0,0.0,0.0,0.0,0.0,0.0,0.0,0.0,0.0,0.0,0.0,0.00056,0.0,0.0,0.0,0.0,0.0,1.16196,0.0,0.26825,0.0,0.0,0.00646,0.0,0.0,0.0,0.0,0.01749,0.0,0.0,0.0,1.42881,0.0,0.0,0.24127,0.00611,0.0,0.0,0.0,0.0,0.0026,0.22344,0.27973,4.06447,0.00609,0.0,0.0,0.0,0.0,0.0,0.04244,0.0,0.00284,0.0,0.0,0.0,0.0,0.0,0.0,0.0,0.0,0.0,0.0,0.0,0.0,0.0,0.0,0.0,0.0,0.0,0.0,0.0,0.0,0.0,0.07695,0.0,0.0,0.0,0.0,0.0,0.0,0.00642,0.0,0.0,0.0,0.0,0.0,0.0,0.0,0.0,0.0,0.0,0.0,0.0,0.02206,0.18098,0.0,0.0,0.0,0.0,0.0,0.0,0.0,0.0,0.0,0.0,0.0,0.0,0.0,0.0,0.0,0.0,0.0,0.0,0.0,0.0,0.0,0.0,0.00117,0.0,0.0,0.0,0.0,0.0,0.0,0.0,0.0,0.0,0.0,0.0,0.0,0.0,0.00021,0.01787,0.0,0.0,0.27261,0.0,0.0,0.0,0.0,0.0,0.0,0.0,0.0,0.0,0.0,0.0,0.0,0.0,0.0,0.03663,0.0,0.0,0.0,0.0,0.0,0.0,0.0,0.12024,0.0,0.11139,0.0,0.0,0.0,0.0,0.0,0.0,0.0,0.05158,0.0,0.0,0.0,0.0,0.0,0.0,0.0,0.0,0.0,0.0,0.0,0.0,0.0,0.0,0.0,0.0,0.00314,0.0,0.0,0.0,0.0,0.0,0.0,0.0,0.0,0.0,0.0,0.0,0.0,0.0,0.0,0.0,0.0,0.0,0.0,0.0,0.0,0.0665,0.04368,0.09836,0.0,0.0,0.0,0.0,0.0,0.0,0.0,0.0,0.0,0.0,0.0,0.0,0.0,0.0,0.2954,0.0,0.0,0.0,0.67525,0.0,0.0,1.1708,0.0,0.0,0.0,0.0,0.0,0.0,0.0,0.88341,0.0,0.0,0.0,0.0,0.0,0.0,0.0,0.0,0.0,87.73114,0.0,0.0,0.0,0.0,0.0,0.0,0.0,0.0,0.0,0.0,0.0,0.0,0.0,0.0,0.0,0.0,0.0,0.0,0.0,0.0,0.0,0.0,0.0,0.14073,0.0,0.0,0.0,0.0,0.0,0.0,0.15581,0.0,0.0,0.0,0.0,0.0,0.0,0.0,0.0,0.0,0.0,0.0,0.03494,0.0,0.0,0.0,0.0,0.0,0.0,0.0,0.0,0.0,0.0,0.0,0.0,0.0,0.0,0.0,0.0,0.0,0.0,0.0,0.0,0.0,0.0,0.0,0.0,0.0,0.0,0.0,0.0,0.0,0.0,0.0,0.0,0.0,0.0,0.0,0.0,0.0,0.00334,0.0,0.0,0.0,0.0,0.0,0.01494,0.01575,0.0,0.0,0.0,0.0,0.0,0.0,0.0,0.0,0.0,0.0
SRR6451681,0.0,0.0,0.0,0.0,0.0,0.0,0.0,0.0,0.0,0.03992,0.0,0.0,0.0,0.81136,0.0,0.05879,0.0,0.0,0.0,0.12689,0.0,0.0,0.0,0.0,0.0,0.0,0.01469,0.0,0.0,0.0,0.0,0.0,0.0,0.0,0.76857,0.0,0.0,4.87869,0.0,0.00994,0.0,0.0,0.0,0.0,1.93203,0.0,0.0,0.0,0.13464,0.0,0.35761,1.40263,2.366,0.0,0.0,0.0,0.0,0.89376,0.64715,28.33477,4.51619,0.73738,0.0,0.0,0.0,0.0,0.0,0.06989,0.0,0.04268,0.0,0.0,0.07016,0.00084,0.0,0.0,0.45644,0.0,0.0,0.0,0.0,0.0,0.0,0.0,0.0,0.0,0.0,0.0,0.0,0.0,0.0,0.08493,0.05324,0.10812,0.0,0.0,0.19263,0.0,0.06699,0.0,0.0,0.0,0.0,0.0,0.0,0.0,0.0,0.0,0.0,0.52379,0.0,0.04203,0.0,0.0,0.0,0.0,0.0,0.0,0.0,0.08755,0.96724,0.0,0.0,0.0,0.0,0.29329,0.0,0.0,0.02224,0.0,0.0,0.0,0.1358,0.31612,0.0,0.13995,0.0,0.0,0.0,0.0,0.0,0.0,0.0,0.0,0.0,0.0,0.0,0.0,0.0,0.07369,0.05503,0.0,0.0,0.76905,0.10586,0.0,0.0,0.26538,0.10357,0.0,2.44963,0.0,0.0,0.02502,0.0,0.0,0.17153,0.0,3.09196,0.0,0.0,0.0,0.0,0.0,4.63745,0.0,0.37316,0.0,0.03173,0.0,0.0,0.0,0.02057,0.0,0.02348,0.07405,0.0,0.0,0.0,0.0,0.0,0.13982,0.03808,0.0,0.0,0.0,0.0,0.0,0.00137,0.0,0.0,0.0,0.0289,0.03902,0.24425,0.0847,0.0,0.0,0.0,0.0,2.81194,0.0,0.0,0.0,0.0,0.0,0.0,0.01277,0.0,0.0,0.0,0.0,0.0,0.0,0.74089,0.07853,0.0,0.0,0.0,0.0,0.0,0.0,0.0,0.0,0.0,3.66893,0.0,0.0,0.0,0.0,0.0,10.51448,0.0565,0.0,0.0,0.0,0.0,0.0,0.0,0.03881,0.0,0.0,0.0,0.0,0.0,0.0,1.01077,0.0,0.0,0.0,0.10469,0.0,0.0,0.0,0.0,0.0,7.62468,0.0,0.0,0.0,0.0,0.01524,0.0,0.0,0.0,0.0,0.0,0.0,0.0,0.0,0.0,0.0,0.76517,0.0,0.0,0.0,0.0,0.0,0.0,0.0,0.0,0.0,0.13338,0.0,0.0,0.77908,0.03145,0.0108,4.0435,0.0,0.0,0.0,0.0,0.0,0.0,0.0,0.0,0.43495,0.0,1.58087,0.0,0.0,0.0,0.0,0.0,0.0,0.63454,0.25327,0.0,0.0,0.0,0.0,0.0,0.0,0.0,0.0,0.0,0.0,0.0,0.0,0.0,0.0,0.0,0.0,0.00941,0.0,0.0,0.0,0.0,0.0,0.0,0.0,0.0,0.02421,0.0,0.0,0.0,0.0,0.0,0.0,0.0,0.0,0.0,0.0,0.06893,0.0,0.0,0.0,0.0,0.0,0.0,0.0,0.0,0.0,0.0
SRR6451682,0.0,0.0,0.0,0.0,0.0,0.0,0.0,0.0,0.0,0.01345,0.0,0.0,0.66228,0.19874,0.0,13.14077,0.61593,0.00399,0.0,0.14117,0.0,0.0,0.0,0.0,0.0,0.0,0.07551,0.0,0.0,0.0,0.0,0.0,0.0,0.0,6.34606,0.70622,0.0,0.0,0.11647,2.11492,0.0,0.0,0.0,0.0,1.23827,0.0,0.02731,0.0,0.0,0.0,0.0,0.50118,0.0,5.79166,0.0,0.0,0.0,0.25839,1.27894,3.68209,11.82467,0.13225,0.0,0.0,0.0,0.0,0.0,0.0,0.0,0.00366,0.0,0.0,0.0,0.08625,0.0,0.0,0.10598,0.0,0.61426,1.72329,0.0,0.0,0.0,0.0122,0.00921,0.0,0.0,0.0,0.0,0.0,0.0,0.01525,0.0,0.0,0.0,0.03083,0.0,0.0,0.0,0.0,0.0,0.0,0.0,0.0,0.0,0.0,0.0,0.0,0.0,0.0,0.0,0.07283,0.24618,0.0,0.0,0.0,0.0,0.0,0.0,0.0,0.15272,0.0,0.0,0.0,0.0,0.02656,0.0,0.0,0.07694,0.0,0.0,0.05636,0.06994,0.40889,0.0,0.02492,0.0,0.0,0.0,0.0,0.0,0.0,0.0,0.0,0.0,0.0,0.0,0.0,0.0,0.0,0.0,0.0,0.0,0.01231,0.04755,0.0,0.0,0.00948,0.18276,0.0,1.64276,0.0,0.0,0.0,0.0,0.0,0.0,0.0,0.10701,0.0,0.0,0.0,0.0,0.0,0.43677,0.0,0.00986,0.0,0.34799,0.0,5.57589,0.0,0.27416,0.0,0.0,0.0,0.00069,0.0,0.0,0.01085,0.0,0.09786,0.0,0.0,0.0,0.0,0.0,0.0,0.0,0.0,0.0,0.0,0.00094,0.03082,0.0,0.0,1.49642,1.98036,0.21595,0.0,0.0,0.0,0.0,0.0,0.0,0.0,0.0,0.0,0.0,0.0,0.0,0.0,0.0,0.0,0.0,0.0,0.0,0.0,0.0,0.0,0.0,0.0,0.00087,0.0,0.0,0.06483,0.0,0.0,0.0,0.02135,0.03049,0.66798,0.0,0.0,0.62376,0.03596,0.00391,0.00968,0.0,0.00455,0.07391,0.00213,0.0,0.0,0.0,0.01684,0.99575,0.0,0.0,0.0,0.0,0.0,0.0,0.0,0.15363,0.0,27.68432,0.0,0.0,0.00597,0.0,0.12874,0.001,0.0,0.03341,0.0,0.0,0.04472,0.0,0.0,0.0,0.0,0.0,3.78173,0.0,0.0,0.02191,0.01583,0.124,0.0,0.0,0.0,0.0,0.0,0.0,0.0,0.04366,0.0,0.01071,0.0,0.0,0.04604,0.0,0.0,0.0,0.0,0.0,0.0,0.00759,0.09042,0.0,0.0,0.0,0.0,0.0,0.0,0.0,0.03375,0.0,0.0,0.0,0.0,0.0,0.0,0.0,0.0,0.0,0.0,0.0,0.0,0.05025,0.0,0.0,0.0,0.0,0.0,0.0,0.0,0.0,0.0,0.0,0.0,0.0,0.0,0.0,0.0,0.0,0.0164,0.0,0.00483,0.00585,0.05631,0.0,0.0,0.0,0.0,0.0,0.0,0.0,0.0,0.0,0.0,0.0,0.0,0.0
SRR6451683,0.0,0.0,0.0,0.0,0.0,0.0,0.0,0.01709,0.0,0.02569,0.0,0.0,0.01424,0.0,0.0,1.40352,0.02824,0.0,0.0,0.0,0.0,0.0,0.0,0.0,0.0,0.0,0.02838,0.0,0.0,0.0,0.00462,0.0,0.0,0.0,0.36101,0.0,0.0,0.0,0.0,0.0,0.0,0.0,0.0,0.0,0.0,0.0,0.0,0.0,0.0,0.00089,0.0,0.05823,0.0,0.0,0.03439,0.0,0.0,0.37075,0.17267,0.03455,0.41676,0.0093,0.0,0.0,0.0,0.0,0.0,0.0,0.0,0.01668,0.0,0.0,0.0,0.06478,0.0,0.0,0.0046,0.0,0.0,0.18207,0.0,0.0,0.0,0.0,0.0,0.0,0.0,0.0,0.0,0.0,0.0,0.0,0.0,0.0,0.0,0.0,0.18504,0.0,0.0,0.0,0.0,0.0,0.0,0.0,0.0,0.00232,0.0,0.0,0.0,0.0,0.0,0.0,0.39399,0.0,0.0,0.0,0.0,0.0,0.0,0.03717,0.00926,0.30452,0.0,0.0,0.0,0.0,0.0,0.0,0.0,0.0,0.0,0.0,0.02462,0.05729,0.0,0.03066,0.0,0.0,0.0,0.0,0.0,0.0,0.0,0.0,0.0,0.0,0.0,0.0,0.0,0.0,0.0,0.0,0.0,0.01307,0.06468,0.0,0.0,0.00904,0.90698,0.0,0.0,0.0,0.0,0.0,0.0,0.0,0.07104,0.0,0.50597,0.0,0.0,0.0,0.0,0.0,0.38862,0.0,0.01009,0.0,0.06594,0.0,0.0,0.0,0.0,0.0,0.0,0.0,0.0,0.0,0.0,0.0,0.0,0.01157,0.0,0.0,0.0,0.0,0.0,0.0,0.12861,0.0,0.0,0.0,0.0,0.0,0.06688,0.0,0.0,0.0,0.0,0.0,0.02658,0.0,0.0,0.0,0.0,0.0,0.0,0.0,0.0,0.0,0.0,0.0,0.0,0.0,0.0,0.0,0.0,0.0,0.0,0.0,0.0,0.0,0.0,0.0,0.0,0.25487,0.0,0.0,0.0,0.09681,0.0,0.70595,0.0,0.0,0.13413,0.0,0.0,0.0,0.12196,0.00328,0.0,0.0,0.0,0.0,0.00702,0.0,0.80822,0.0,0.0,0.00084,0.0,0.0,0.0,0.0,0.0,0.0,84.92746,0.0,0.0,0.0,0.0,0.00321,0.0,0.0,0.0,0.0,0.0,0.0,0.0,0.0,0.0,0.0,0.0,0.0,0.0,0.0,0.0,0.0,5.86499,0.0,0.00504,0.0,0.0,0.0,0.00121,0.0,0.0,0.01265,0.32563,0.0,0.0,0.0,0.0,0.0,0.0,0.0,0.0013,0.0,0.0,0.13409,0.01186,0.0,0.0,0.0,0.0,0.0,0.01173,0.0002,0.0,0.0,0.0,0.0,0.0,0.0,0.0,0.0,0.0,0.0,0.0,0.0,0.0,0.0,0.0,0.0,0.0,0.0,0.0,0.0,0.0,0.0044,0.0,0.0,0.0,0.0,0.0,0.0,0.0,0.0,0.0,0.0,0.0,0.0,0.0,0.00077,0.0,0.0,0.0,0.0,0.0,0.0,0.0,0.0,0.0,0.0,0.0
SRR6451684,0.0,0.0,0.0,0.0,0.0,0.0,0.0,0.00718,0.0,0.03775,0.0,0.00206,0.0475,0.0478,0.0,7.25518,0.21101,0.0,0.0,0.0,0.0,0.0,0.0,0.0,0.0,0.0,0.02116,0.0,0.0,0.0,0.00067,0.0,0.0,0.0,0.83239,0.85281,0.0,1.53555,0.0,0.00492,0.0,0.0,0.0,0.11843,1.85371,0.0,0.0,0.01351,0.0,0.00244,0.0,0.35173,5.11252,0.37866,0.0,0.0,0.0,0.10208,0.50397,5.98252,3.56606,0.01053,0.0,0.4713,0.0,0.0,0.0,0.01567,0.10924,0.023,0.0,0.0,0.0,0.05464,0.0,0.0,0.26593,0.0,0.00958,0.75937,0.0,0.0,0.0,0.0,0.0,0.0,0.0,0.0,0.0,0.0,0.0009,0.0,0.0,0.0,0.0,0.0,0.0,0.0,0.0,0.0,0.0,0.0,0.0,0.0,0.0,0.0,0.0,0.0,0.0,0.00585,0.0,0.00785,0.0,0.0,0.0,0.0,0.0,0.0,0.0,0.02465,0.14429,0.79712,0.0,0.0,0.0,0.0,0.0,0.0,0.0,0.0,0.0,0.0,0.04487,0.22071,0.0,0.02359,0.0,0.0,0.0,0.0,0.0,0.0,0.0,0.0,0.0,0.0,0.0,0.0,0.0,0.0,0.0,0.0,0.0,0.64607,0.07279,0.0,0.0,0.04834,0.0,0.02205,0.0,0.0,0.0,0.08039,0.00169,0.0,0.0,0.0,1.84135,0.0,0.09117,0.0,0.0,0.0,0.02932,0.43784,0.00211,0.0,0.27134,0.0,0.0,0.0,0.0,0.0,0.03132,0.0,0.0,0.0,0.0,0.0,0.0,0.02173,0.01857,0.0,0.0,0.0,0.0,0.0,0.0,0.0,0.0,0.0,0.0,0.0,0.0,0.00188,0.0,0.0,0.0,0.0,0.0,0.0,0.0,0.0,0.0,0.0,0.0,0.0,0.0,0.0,0.0,0.0,0.0,0.0,0.0,0.0,0.0,0.0,0.0,0.0,0.0,0.0,0.0,0.0,0.0,0.46324,0.0,0.0,0.0,0.3372,0.0,0.33696,0.0,0.0,0.0,0.81733,0.0,0.39719,0.33872,0.00563,0.0,0.0,0.0,0.0,0.0,0.0,1.19751,0.0,0.0,0.0,0.0,0.0,0.0,0.0,0.0,0.0,54.22128,0.0,0.0,0.0,0.0,0.01706,0.0,0.0,0.0,0.0,0.0,0.0,0.0,0.0,0.0,0.0,0.0,0.0,0.0,0.0,0.0,0.0,0.00348,0.0,0.01588,0.0,0.0,0.0,0.0,1.4812,4.18242,0.0,0.01946,0.0,0.0,0.0,0.0,0.0,0.0,0.0,0.12143,0.0,0.0,0.0,0.52935,0.0,0.0,0.0,0.0,0.0,0.05024,0.0,0.0,0.0,0.0,0.0,0.0,0.0,0.0,0.0,0.0,0.0,0.0,0.0,0.0,0.0,0.0,0.0,0.0,0.0,0.0,0.0,0.0,0.01575,0.0,0.0,0.0,0.0,0.0,0.0,0.0,0.0,0.0,0.0,0.0,0.0,0.0,0.0,0.0,0.0,0.0,0.0,0.0,0.0,0.0,0.0,0.0,0.0,0.0
SRR6451685,0.0,0.0,0.0,0.0,0.0,0.0,0.0,0.0,0.00884,0.0,0.0,2.98581,0.0,0.0,0.0,11.35866,0.0,0.0,0.0,0.0,0.0,0.0,0.0,0.0,0.00712,0.0,0.73953,0.0,0.0,0.0,0.0,0.0,0.0,0.0,0.00176,0.0,0.0,0.31355,0.0,0.0139,0.0,0.0,0.0,0.0,1.24056,0.0,0.0,0.0,0.50223,0.0,0.0,0.0069,0.00785,6.82896,0.0,0.0,0.0,4.88983,0.00298,17.2951,1.38423,0.89183,0.0,0.0,0.0,0.0,0.00864,0.0,1.16886,0.0,0.0,0.0,0.0,0.0,0.00745,0.14341,0.01672,0.0,0.0,0.0,0.0,0.0,0.0,0.0,0.06403,0.0,0.0,0.0,0.0,0.24589,0.0,0.19483,0.16272,0.0,0.00235,0.11725,0.0,0.02205,0.035,0.0,0.01704,0.0,0.0,0.0,0.0,0.0,0.0,0.0,0.0,0.0,0.01663,0.07041,0.0,0.0,0.0,0.0,0.00044,0.0,0.0,0.0,0.0,0.0,0.0,0.0,0.0,0.0,0.0,0.10922,0.11123,0.0,0.0,0.0,0.0,0.0,0.0,0.04225,0.0,0.00086,0.0,0.0,0.0,0.0,0.0,0.0,0.0,0.0,0.0,0.0,0.0,0.32271,0.06762,0.0,0.0,2.49306,0.25215,0.0,0.0,0.0,0.0,0.0,0.0,0.16632,0.06458,0.03669,0.0,0.0,0.01938,0.0,1.77223,0.0,0.0,0.0,0.0,0.0,0.10862,0.0,1.37471,0.0,0.0847,0.0,0.0,0.0,0.29259,0.0,0.0,0.0,0.0,0.0,0.0,0.0,0.0,0.0,0.0,0.0,0.0,0.0,0.0,0.0,0.06665,0.04384,0.0,0.0,0.0,0.15907,0.01312,0.0,0.0,0.0,0.0,0.0,0.0,0.0,0.0,0.0,0.0,0.0,0.0,0.0,0.0,0.0,0.0,0.0,0.0,0.0,0.0,0.0,0.0,0.0,0.04013,0.0,0.0,0.0,0.0,0.0,0.0,0.0,0.0,0.0,0.0,0.0,0.0,3.37441,0.0,0.0,0.0,0.0,0.0,0.0,0.17675,6.47557,0.0,0.0,0.0,0.0,0.25503,0.01715,0.0,0.0,0.0,1.0908,0.0,0.0,0.0,0.0,0.0,0.0,0.07984,0.0,0.0,0.0,0.00133,0.0,0.0,0.0,0.0,0.0,0.0,0.0,0.0,0.0,0.0,0.0,0.0,0.0,0.0,0.0,0.0,0.0,0.00236,0.0,0.00434,0.0,0.0,0.0,0.0,0.0,0.48834,0.02782,0.02837,0.0,0.0,0.0,0.0,0.0,0.04538,0.0,0.0,27.75235,0.0,0.29957,0.0,0.0,0.0,0.0,0.0,0.0,0.0,0.07868,0.0,0.0,0.0,0.0,0.0,0.00698,0.0,1.10639,0.0,0.02039,0.0,0.0,0.0,0.0,0.0,0.0,0.00219,0.12066,0.0,0.0,0.0,0.0,0.0,0.0,0.0,0.0,0.0,0.0,0.0,0.0,0.0,0.0,0.0,0.0,0.0,0.00538,0.01344,0.0,0.00295,0.02248,0.00137,0.0,0.08308,0.0,0.00149,0.0,0.0
SRR6451686,0.0,0.0,0.0,0.0,0.0,0.0,0.0,0.0,0.0,0.19819,0.0,0.0,0.61526,0.0,0.0,0.48749,0.00032,0.0,0.01497,0.31673,0.0,0.0,0.0,0.0,0.0,0.0,0.07483,0.0,0.0,0.0,0.0,0.0,0.0,0.0,1.29564,0.0,0.0,0.0,0.0,0.00356,0.0,0.0,0.0,0.0,0.00944,0.0,0.0,0.01291,0.0,0.0,0.0,1.78448,34.6786,0.65388,0.0,0.0,0.0,2.51415,2.12481,7.25897,26.70409,0.36419,0.0,0.0,0.0,0.0,0.0,0.08203,0.0,0.07578,0.0,0.0,0.0,0.0,0.0,0.0,0.26273,0.0,0.0,0.02606,0.0,0.0,0.0,0.0,0.0,0.0,0.0,0.0,0.0,0.00644,0.0,0.03281,0.0,0.0,0.00557,0.06835,0.0,0.00271,0.00098,0.0,0.0,0.0,0.0,0.0,0.0,0.0,0.0,0.0,0.0,0.0,0.0,0.23221,0.0,0.0,0.0,0.0,0.0,0.0,0.0,0.0,0.0,0.0,0.0,0.0,0.0,0.0,0.0,0.0,0.6475,0.0,0.0,0.0,0.13468,0.0,0.0,0.07106,0.0,0.00446,0.0,0.0,0.0,0.0,0.0,0.0,0.0,0.0,0.0,0.0,0.0,0.02951,0.27356,0.0,0.0,0.0,0.14395,0.0,0.0,0.0096,0.0,0.0,0.0,0.0,0.0,0.0,0.0,0.0,0.0,0.0,0.82584,0.0,0.0,0.0,0.0,0.0,0.0,0.0,0.04843,0.0,0.16613,0.0,11.84598,0.0,0.33182,0.0,0.0,0.0,0.18859,0.0,0.0,0.0,0.0,0.0,0.00211,0.0,0.0,0.0,0.0,0.0,0.0,0.0,0.0,0.0,0.0,0.02092,0.0,0.00398,0.0,0.0,0.0,0.0,0.0,0.51143,0.0,0.0,0.0,0.0,0.0,0.0,0.0,0.0,0.0,0.0,0.0,0.0,0.0,0.0,0.0,0.0,0.01957,0.0,0.0,0.0,0.0,0.0,0.0,0.3023,0.0,0.0,0.0,0.0,0.0,1.669,0.04385,0.04744,0.0,0.41131,0.0,0.0,0.00565,0.0,0.0,0.0,0.0,0.0,0.0,0.0,0.563,0.0,0.0,0.0,0.0,0.0,0.0,0.0,0.01472,0.0,0.05753,0.0,0.01634,0.0,0.0,0.0,0.0,0.0,0.0,0.0,0.48348,0.00119,0.0,0.0,0.0,0.0,0.0,0.0,0.0,0.0,0.0,0.0,0.00121,0.0,0.21004,0.0,0.14557,0.00256,0.0,0.0,0.0,0.0,0.10229,0.0,0.0,0.0,0.0,0.0,0.0,0.0,0.0,0.0,0.0,0.08444,0.0,0.0,0.0,0.0,0.0,0.0,0.0,0.06399,0.00434,0.0,0.01198,0.00554,0.0,0.0,0.0,0.0,0.0,0.0,0.0,0.0,0.0,0.0,0.0,0.0,0.0,0.0,0.0,0.51269,0.0,0.0,0.0,0.0,0.0,0.0,0.0,0.0,0.0,0.0,0.0,0.0,0.0,0.0,0.0,0.00318,0.00884,0.0,0.01413,0.00343,0.0,0.0,0.02264,0.0,0.0,0.0,0.0
SRR6451687,0.0,0.0,0.0,0.0,0.0,0.0,0.0,0.0,0.0,0.0,0.0,0.0,0.23011,0.0,0.0,1.07304,0.0,0.0,0.0,0.0,0.0,0.0,0.0,0.0,0.0,0.0,0.1577,0.0,0.0,0.0,0.0,0.0,0.0,0.0,0.01998,0.43729,0.0,16.98737,0.0,1.1166,0.0,0.0,0.0,0.0,8.51596,0.0,0.0,0.00259,0.0,0.0,0.0,0.72969,0.0,0.0,0.0,0.0,0.0,4.3299,0.88539,0.91502,26.25091,1.18646,0.0,0.0,0.0,0.0,0.00253,0.00218,0.0,0.00424,0.0,0.0,0.0,0.06667,0.0,0.0,0.05741,0.0,0.0,0.0,0.0,0.0,0.0,0.0,0.0,0.0,0.0,0.0,0.0,0.0,0.0,0.00932,0.0,0.0,0.0,0.01055,0.0,0.0,0.0,0.0,0.0,0.0,0.0,0.0,0.0,0.0,0.25446,0.04063,0.0,0.0,0.0,0.00546,0.0,0.0,0.0,0.0,0.0,0.0,0.10442,0.0,0.0,0.0,0.0,0.0,0.0,0.0,0.0,0.0,0.0,0.0,0.12783,0.0,0.07608,0.414,0.0,0.00915,0.0,0.0,0.0,0.0,0.0,0.0,0.0,0.0,0.0,0.0,0.0,0.0,0.0,0.0,11.71318,0.00054,0.0,0.01178,0.0,0.0,0.0,0.03923,8.06102,0.0,0.12835,0.00537,0.0,3.24187,0.32093,0.02006,0.0,0.0,3.00883,0.0,0.0,0.0,0.0,0.0,0.03885,0.0,0.0639,0.0,0.60138,0.0,0.04205,0.0,0.0667,0.00245,0.06581,0.0,0.0,0.0,0.0,0.00753,0.0,0.0131,0.0,0.00152,0.01038,0.0,0.0,0.0,0.0,0.0,0.0,0.0,0.0,0.0526,0.0086,0.0,0.052,0.0,0.0,0.0,0.0,0.0,0.0,0.0,0.0,0.0,0.0,0.0,0.0,0.0,0.0,0.0,0.0,0.0,0.0,0.0,0.0,0.0,0.0,0.0,0.0,0.0,0.0,0.0,0.0,0.1926,0.0,0.0,0.0,0.01171,0.0,0.65875,0.0,0.0,0.01046,0.76069,0.0,0.0,0.0,0.01157,0.0,0.0,0.0,0.0,0.0,0.00216,0.02729,0.0,0.01029,0.0,0.0,0.0,0.0,0.0,0.0,0.0,0.81213,0.0,0.0,0.0,0.00163,0.0,0.0,0.0,0.0,0.0,0.0,0.0,0.0,0.0,0.01122,0.0,0.0,0.07833,0.0,0.0,0.0,0.0,0.00221,0.0,0.0,0.0,0.0,0.0,0.0,1.84906,0.0,0.94929,2.06321,0.0,0.0,0.0,0.0,0.0,0.0,0.0,0.0,0.0,0.0,0.70929,0.0,0.0,0.0,0.0,0.0,0.0,0.0,0.0317,0.0,0.0,0.0,0.0,0.00175,0.0,0.0,0.0,0.0,0.0,0.0,0.00295,0.0,0.0225,0.01892,0.0,0.07134,0.01012,0.0404,0.0,0.0,0.0,0.01405,0.0,0.0,0.0,0.0,0.0,0.0,0.0,0.0,0.0,0.0,0.0,0.0,0.0,0.0,0.0,0.0,0.0,0.0,0.0,0.0234,0.0,0.0,0.0,0.0
SRR6451688,0.0,0.0,0.0,0.0,0.0,0.0,0.0,0.01443,0.0,0.01081,0.00434,0.0,7.93637,0.0,0.0,15.14335,0.0,0.0,0.06777,0.0,0.0,0.0,0.0,0.0,0.0,0.0,0.19783,0.0,0.0,0.0,0.00429,0.0,0.0,0.0,0.28535,0.0,0.0,0.0,0.0,16.95938,0.0,0.0,0.0,0.0,0.0,0.0,0.0,0.0,1.4977,0.0,0.0,0.65521,10.69851,0.0,0.0,0.0,0.0,1.44813,2.50529,5.99396,0.00657,1.41898,0.17082,0.0,0.0,0.0,0.0,0.0,0.0,0.00028,0.0,0.0,0.0,0.04288,0.0,0.0,0.38214,0.0,0.0,0.0,0.0,0.0,0.0,0.04133,0.00342,0.0,0.0,0.0,0.0,0.0,0.0,0.0,0.0,0.0,0.0,0.0,0.00324,0.0,0.0,0.00112,0.0,0.0,0.0,0.0,0.0,0.00293,0.05301,0.0,1.84328,0.00411,0.0,0.0,0.03268,0.0,0.0,0.0,0.0,0.0,0.0,0.08923,0.22786,0.0,0.0,0.0,0.0,0.0,0.0,0.00994,0.12398,0.0,0.0,0.0,0.06155,0.2442,0.0,0.0,0.0,0.0,0.0,0.0,0.0,0.0,0.0,0.0,0.0,0.0,0.0,0.0,0.0,0.0,0.27267,0.0,0.0,0.33915,0.15708,0.0,0.0,0.03404,7.44515,0.0,0.0,0.34265,0.00798,0.90281,0.0,0.0,0.08492,0.0,2.30054,0.0,0.13194,0.0,0.28305,0.0,0.51871,0.06089,0.02095,0.0,0.09355,0.0,0.0,0.00923,0.1736,0.0,0.0,0.0,0.0,0.0,0.0,0.04836,0.0,0.01142,0.0,0.0,0.0,0.0,0.49531,0.0,0.08702,0.0,0.0,0.0,0.00278,0.0,0.13833,0.0,0.0,0.0,0.0,0.0,0.0,0.0,0.0,0.0,0.0,0.0,0.0,0.0,0.0,0.0,0.0,0.0,0.00022,0.05833,0.20807,0.06773,0.0,0.0,0.0,0.0,0.0,0.0,0.0,0.0,0.02706,3.92843,0.0,0.0,0.0,1.1007,0.00926,0.56341,0.0,0.0,0.49243,0.10832,0.0,0.0,0.05719,0.02526,0.0,0.0,0.0,0.0,0.0,0.0923,0.27236,0.0,0.0,0.00014,0.10272,0.01527,0.0,0.00285,0.0,0.0,0.00872,0.0,0.0,0.0,0.0,8.29408,0.0,0.00137,0.0,0.0,0.0,0.0,0.0,0.0,0.0,0.0,0.0,0.0,0.0,0.02097,0.0,0.57651,0.01316,0.04426,1.01551,0.0,0.00074,0.0,0.0,0.0,0.00886,0.0,0.0,0.0,0.00491,0.0,0.0,0.0,0.0,0.0,0.50561,0.0,0.0,0.0,0.0,0.0,0.0,0.0,0.0,0.0,0.13923,0.0,0.0,0.0,0.0,0.0,0.0,0.0,0.0,0.01324,0.0,0.0,0.0,0.0,0.0,0.0,0.0,0.0,0.00058,0.00297,0.0,0.0,0.0,0.0026,0.0,0.0,0.0,0.0,0.0,0.0,0.0,0.0,0.0,0.0,0.0,0.0,0.0,0.00389,0.0,0.0,0.0,0.0,0.0,0.0,0.0,0.0,0.0,0.0,0.06233
SRR6451689,0.0,0.0,0.0,0.0,0.0,0.0,0.0,0.0,0.0,0.0,0.0,0.0,0.03257,0.01383,0.0,1.26516,0.0074,0.0,0.0,0.0,0.0,0.0,0.0,0.0,0.0,0.0,0.05285,0.0,0.00272,0.0,0.0,0.0,0.0,0.0,2.16352,0.2355,0.0,0.0,0.0,0.41982,0.0,0.0,0.0,0.0,0.0,0.0,0.0,0.0,0.33668,0.0,0.0,3.04307,0.00258,0.06362,0.0,0.0,0.0,26.31642,0.86931,4.16165,45.20677,0.39693,0.0,0.0,0.0,0.0,0.0,0.0,0.0,0.0,0.0,0.0,0.0,0.0,0.0,0.0,0.30462,0.0,0.0,0.0,0.0,0.0,0.0,0.0,0.0,0.0,0.0,0.0,0.0,0.0,0.0,0.01454,0.0,0.0,0.04282,0.0,0.0,0.0,0.0,0.0,0.0,0.0,0.0,0.0,0.0,0.0,0.0,0.0,0.0,0.0,0.0,0.03814,0.0,0.0,0.0,0.0,0.0,0.0,0.0,0.0,0.01682,0.0,0.0,0.0,0.0,0.0,0.0,0.0,0.0,0.0,0.0,0.0,0.0,0.01178,0.0,0.04357,0.0,0.0,0.0,0.0,0.0,0.0,0.0,0.0,0.0,0.0,0.0,0.0,0.0,0.00044,0.87449,0.0,0.0,0.0,0.02545,0.0,0.0,0.00214,0.0,0.0,0.0,0.0,0.0,0.0,0.0,0.0,0.0,0.0,0.02928,0.0,0.0,0.0,0.0,0.0,0.0,0.0,0.28268,0.0,0.0,0.0,0.0,0.0,0.0,0.0,0.0,0.0,0.0,0.0,0.0,0.0,0.0,0.0,0.00541,0.0,0.0,0.0,0.0,0.0,0.0,0.0,0.0,0.0,0.0,0.02751,0.0,0.0,0.02296,0.0,0.0,0.0,0.27953,0.0,0.0,0.0,0.0,0.0,0.0,0.0,0.0,0.0,0.0,0.0,0.0,0.0,0.2953,0.11309,0.0,0.0,0.0,0.0,0.0,0.0,0.0,0.0,0.0,0.34885,0.0,0.0,0.0,0.0,0.0,3.58659,0.08024,0.0,0.0,0.0,0.0,0.0,0.0,0.0,0.0,0.0,0.0,0.0,0.0,0.0,0.0,0.0,0.0,0.0,0.0,0.0,0.0,0.0,0.0,0.0,0.03637,0.0,0.0,0.0,0.0,0.0288,0.0,0.0,0.0,0.0,0.0,0.0,0.0,0.0,0.0,0.0,0.0,0.0,0.0,0.0,0.0,0.0,8.41271,0.0,0.0,0.0,0.0,0.0,0.0,0.0,0.0,0.0,0.0,0.0,0.0,0.01938,0.0,0.0,0.0,0.0,0.0,0.0,0.0,0.38244,0.0,0.0,0.0,0.0,0.0,0.0,0.0,0.02061,0.0,0.0,0.0,0.0,0.0,0.0,0.0,0.0,0.0,0.0,0.0,0.0,0.0,0.0,0.0,0.0,0.0,0.0,0.0,0.0,0.0,0.0,0.0,0.0,0.0,0.0,0.0,0.0,0.0,0.0,0.0,0.0,0.0,0.0,0.0,0.0,0.06236,0.0,0.0,0.0,0.0,0.0,0.00072,0.0,0.0,0.0,0.0
SRR6451690,0.0,0.0,0.0,0.0,0.0,0.0,0.0,0.0,0.0,0.01813,0.0,0.0,0.0,0.0,0.0,0.0,0.0,0.0,0.0,0.0,0.0,0.0,0.0,0.0,0.0,0.0,0.1975,0.0,0.0,0.0,0.0,0.0,0.0,0.0,0.0,0.0,0.0,0.0,0.0,0.00532,0.0,0.10747,0.0,0.0,1.23015,0.0,0.0,0.0,0.0,0.0,0.0,0.08718,0.0,0.0,0.0,0.0,0.0,18.40693,1.34929,6.58894,9.55781,1.08443,0.0,0.0,0.82166,0.0,0.0,0.12989,0.0,0.0,0.0,0.0,0.0,0.03719,0.0,0.0,0.05227,0.0,0.0,0.0,0.0,0.0,0.0,0.0,0.0,0.0,0.0,0.0,0.0,0.0,0.0,0.00146,0.0,0.0,0.00616,0.00253,0.0019,0.01136,0.0,0.0,0.0,0.0,0.0,0.0,0.0,0.0,0.0,0.0,0.0,0.0,0.0,0.01083,0.0,0.0,0.0,0.0,0.05808,0.0,0.0,0.0,0.0,0.0,0.0,0.0,0.0,0.0,0.0,0.0,0.01064,0.0,0.0,0.0,0.04892,0.05614,0.0,0.0,0.0,0.0,0.0,0.0,0.0,0.0,0.0,0.0,0.0,0.0,0.0,0.0,0.0,0.09512,0.00783,0.0,0.0,1.12591,0.04692,0.0,0.0,0.03405,0.0,0.0,0.08421,0.0,0.0,0.23399,0.0,0.0,0.0,0.0,1.38284,0.0,0.0,0.0,0.0,0.0,0.0,0.0,0.30298,0.0,0.65972,0.0,0.0,0.0,0.0,0.00099,0.16344,0.04304,0.0,0.0,0.0,0.0,0.0,0.0,0.0,0.0,0.0,0.0,0.0,0.0,0.00457,0.0,0.0,0.0,0.00606,0.00511,0.0444,0.0,0.0,0.0,0.0,0.0,0.0004,0.0,0.0,0.0,0.0,0.0,0.0,0.0,0.20912,0.0,0.0,0.0,0.0,0.0,0.0,0.0,0.0,0.02111,0.0,0.0,0.0,0.0,0.0,0.0,0.0,0.0,0.0,0.0,0.0,0.0,0.0,2.54049,0.0,0.0,0.0,0.0,0.0,0.0,0.44456,0.00171,0.0,0.0,0.0,0.0,0.0,0.0,0.0,0.0,0.0,0.01738,0.0,0.00078,0.0,0.0,0.0,0.00144,0.00948,0.0,0.0,0.0,0.0,0.00461,0.0,0.0,0.0,0.0,0.0,0.0,0.0,0.0,0.0,0.0,0.0,0.0,0.0,0.0,0.0,0.0,47.51994,0.0,0.00948,0.0,0.0,0.0,0.00227,1.32415,0.0961,2.02121,0.91216,0.0,0.04906,0.0,0.0,0.0,0.0,0.0,0.0895,0.10894,0.0,0.07012,0.0,0.0,0.0,0.0,0.0,0.0,0.34541,0.03312,0.0,0.0,0.0,0.0,0.0,0.0,0.0,0.00973,0.0,0.0,0.0,0.0,0.0,0.0,0.0,0.0,0.0,0.0,0.0,0.00246,0.0,0.0,0.0,0.0,0.0,0.0,0.0,0.0,0.0,0.0,0.0,0.0,0.0,0.0,0.0,0.00597,0.0,0.0,0.00467,0.0,0.0,0.0,0.02126,0.0,0.0,0.0,0.0
SRR6451691,0.0,0.0,0.0,0.0,0.0,0.0,0.02828,0.0,0.0,0.01424,0.0,0.0,0.1866,0.03753,0.0,0.66299,0.08828,0.0,0.0,0.0,0.00248,0.03121,0.0,0.0,0.0,0.0,0.0827,0.00592,0.01539,0.0,0.0,0.0,0.0,0.00975,5.22346,0.15834,0.0,0.80916,0.16248,0.0,0.0,0.0,0.0,0.06789,0.13696,0.0195,0.0,0.67931,0.92057,0.1669,0.0,0.16031,2.25407,0.0555,0.00326,0.0,0.0,0.18887,0.98941,7.99091,16.53558,0.07581,0.0,0.14948,0.0,0.0,0.0,0.0,0.0,0.04268,0.0,0.0,0.33853,0.02694,0.0,0.02617,0.02054,0.0,0.0,0.13917,0.0,0.0,0.0,0.0,0.0,0.18149,0.0,0.0,0.0,0.0,0.0,0.01483,0.0,0.0,0.00074,0.0869,0.0,0.00652,0.0221,0.0,0.0,0.0,0.0,0.0,0.0,0.0,0.0,0.10956,0.0,0.02149,0.0,0.04686,0.0,0.0,0.0,0.0,0.46603,0.0,0.0,0.21116,0.00204,0.0,0.0,0.00863,0.0,0.07505,0.10568,0.0,0.12434,0.0,0.0,0.00508,0.17984,0.20054,0.14462,0.07782,0.0,0.0,0.00558,0.00245,0.0,0.0,0.0,0.0,0.0,0.0,0.0,0.0,0.0,0.16454,1.58137,0.0,0.00181,0.0,0.01394,0.0,0.0,0.0,0.0,0.00516,3.06452,0.0,0.01635,0.30483,1.49806,0.0,0.0,0.0,1.03227,0.0,0.02968,0.0,0.02662,0.0,0.38836,0.0,0.05596,0.0,0.0,0.0,4.49638,0.03204,0.14834,0.0,0.0,0.0,0.00257,0.0,0.0,0.05977,0.0,0.01855,0.00207,0.0,0.0,0.0,0.0,0.0,0.0,0.0,0.0,0.0,0.01112,0.06242,0.0,0.0,0.0,0.0,0.0,0.0,0.77501,0.37,0.17169,0.0,0.0,0.0,0.06693,0.0,0.0,0.0,0.0,0.0,0.0,0.00275,0.0,0.0,0.0,0.0,0.0,0.0,0.0,0.0,0.0,0.0,0.0,14.97919,0.0,0.0,0.0,0.25755,2.01356,1.88404,0.4534,0.0,0.0,0.37249,0.04996,0.08629,0.0,0.0263,0.0,0.0619,0.00218,0.00931,0.0,0.37213,0.0,0.0,0.51349,4.01998,0.0,0.98925,0.0,0.17999,0.0,0.0,0.01513,0.04153,0.0,0.0,0.0,9.29686,0.0,0.0,0.0,0.0,0.0,0.0,0.0,0.0,0.0,0.00029,0.0,0.0,0.0,0.0,0.0,0.0,8.16297,0.0,0.0,0.0,0.0,0.0,0.0,0.0,0.0,0.01399,0.01421,0.0,0.00115,0.0,0.0,0.0,0.0,0.00523,0.0,0.0,0.0,0.85221,0.0,0.0,0.0,0.0,0.0,0.0,0.0,0.0572,0.0,0.0,0.0,0.0,0.0,0.0,0.04431,0.06335,0.0,0.00038,0.0,0.0,0.0,0.0,0.0,0.0,0.0,0.04149,0.0,0.0,0.0,0.0,0.00508,0.0,0.0,0.0,0.0,0.0,0.0,0.0,0.00594,0.0,0.0,0.0,0.0,0.0,0.02645,0.0,0.0,0.0,0.0,0.0,0.0,0.0,0.0,0.0,0.07157
